id,temporada,n_en_serie,n_en_temp,dirigido_por,escrito_por,descripcion,title,year,im_db_rating,num_votes,mujer,hombre,adolescente,nino,asesino,cuerpo,victima,piromano,familia
1,1,1,1,Richard Shepard,Jeff Davis,"Cuando una quinta mujer desaparece en Seattle en un período de cuatro meses, la UAC es contratada para localizar al asesino en serie. Arrestan a un sospechoso, pero después de ver que el perfil no coincide, se dan cuenta rápidamente de que tiene un compañero al que tienen que localizar antes de que vuelva a matar.",Mentes criminales: Extreme Aggressor,2005,7.8,3929,1,0,0,0,1,0,0,0,0
2,1,2,2,Charles Haid,Jeff Davis,"La UAC es requerida para investigar una serie de incendios en un campus universitario. Como la mayoría de las pruebas han sido destruidas por el fuego, Gideon y su equipo deben recurrir al análisis psicológico para establecer un perfil y desenmascarar al pirómano. Cuando se inicia un nuevo incendio que amenaza con acabar con la vida de varias personas, el equipo debe trabajar a contra reloj para atrapar al ignoto.",Mentes criminales: Compulsion,2005,7.6,3311,0,0,0,0,0,0,0,1,0
3,1,3,3,Kavin Bray,Aaron Zelman,"Un delincuente está provocando el pánico en una pequeña ciudad mediante la colocación de artefactos explosivos. Jason Gideon sospecha que se trata de un discípulo aventajado de Adrian Bale, su peor enemigo, el culpable de la muerte de seis agentes, pero que entrega la responsabilidad a Gideon, quien dejó entrar a los agentes confiando en la palabra de Bale de no detonar la bomba. El agente deberá reencontrarse cara a cara con Bale para tratar de dar captura a su protegido, uno de sus seguidores, a quien desde la cárcel intentó ayudar.",Mentes criminales: Won't Get Fooled Again,2005,7.6,3195,0,0,0,0,0,0,0,0,0
4,1,4,4,Matt Earl Beesley,Edward Allen Bernero,La Unidad de Análisis de la Conducta acude a San Diego para establecer el perfil de un violador y asesino en serie que actúa a plena luz del día burlando las investigaciones de las autoridades locales.,Mentes criminales: Plain Sight,2005,7.7,2955,0,0,0,0,1,0,0,0,0
5,1,5,5,Guy Norman Bee,Judith McCreary,"Los acontecimientos ocurren en Connecticut, donde Trish Davenport, hija del Fiscal del Distrito, ha sido secuestrada. La Unidad de Análisis de la Conducta acude a la ciudad para negociar con el delincuente. Cuando el secuestrador establece el primer contacto, insiste en hablar con Cheryl, la hermana gemela de la niña, a la que da instrucciones para pagar el rescate. Para sorpresa de todos, el delincuente ha desviado la atención sobre el dinero. El equipo dirigido por Jason Gideon establece el perfil del secuestrador: un hombre blanco, narcisista y pretencioso que se ha esforzado mucho para conseguir un puesto de autoridad en su trabajo.",Mentes criminales: Broken Mirror,2005,7.8,3067,0,1,0,1,0,0,0,0,0
6,1,6,6,Ernest Dickerson,Andrew Wilder,"En este capítulo, la Unidad de Análisis de la Conducta se enfrenta a un francotirador que actúa a plena luz del día en el parque Franklin de Illinois. Por el tipo de arma que utiliza (un rifle M4) y por las posiciones en las que realiza los disparos, el equipo liderado por Jason Gideon deduce que se trata de un hombre que pertenece o ha pertenecido en algún momento a las fuerzas de seguridad. El equipo comienza la búsqueda de un hombre de entre treinta y cuarenta años que conduce un coche para ocultar su arma, con trastornos de personalidad paranoide, que hace ejercicio de forma compulsiva y que siempre va armado. En este episodio Spencer Reid no pasa su examen de uso de armas, aun con la ayuda de Hotchner, y recibe al principio las burlas de Derek Morgan, sin embargo, Hotchner le recuerda las palabras de Gideon: «No es necesario un arma para matar a un hombre, sino un perfil adecuado».",Mentes criminales: L.D.S.K.,2005,8.3,3632,0,1,0,0,0,0,0,0,0
7,1,7,7,Guy Norman Bee,Simon Mirren,"En esta ocasión la Unidad de Análisis de la Conducta se enfrenta a un individuo (Neal Jones) que ha asesinado a todos los miembros de una familia, una familia con dos hijos (un niño y una niña), idéntica a la familia que el sospechoso tenía y que había perdido.",Mentes criminales: The Fox,2005,7.9,2982,0,0,0,1,1,0,0,0,1
8,1,8,8,Peter Ellis,Debra J. Fisher & Erica Messer,"La acción se sitúa en Maryland, donde dos chicos, Jimmy y Freddy (Val Lauren), salen de un bar y se encuentran con un policía. Jimmy tiene unas palabras con el agente y Freddy parece desconfiar. Poco después, Jimmy deja a Freddy en su casa.

A la mañana siguiente, un matrimonio aparece muerto en su casa con signos evidentes de tortura. Además, parece que otra persona murió también en la vivienda, pero el asesino (Patrick Kilpatrick) se llevó su cuerpo descuartizado. La Unidad de Análisis de la Conducta dictamina que el asesino tenía que tener algún vínculo con la tercera víctima, ya que fue la única que no dejó en la escena del crimen.",Mentes criminales: Natural Born Killer,2005,7.5,2825,0,0,0,0,1,1,1,0,0
9,1,9,9,Félix Alcalá,Jeff Davis,"La acción se sitúa en el tren en el que viaja la agente Elle Greenaway de la Unidad de Análisis de Conducta del FBI. Uno de los pasajeros (Chris Bauer) padece de esquizofrenia, y era llevado por su doctora (Susan Gibney) a Dallas a un simposio para dar a conocer los progresos de su paciente. Sin embargo, en un momento dado e instigado por su amigo imaginario (Jeff Kober), se apodera del arma de un policía y se hace con el control del tren. Desde el exterior, Hotchner y Gideon tratan de establecer cuáles son sus motivaciones y sus puntos vulnerables para que ningún pasajero resulte dañado.",Mentes criminales: Derailed,2005,7.8,3634,0,0,0,0,0,0,0,0,0
10,1,10,10,Andy Wolk,Edward Allen Bernero,"En un lugar apartado de la montaña aparecen dos cadáveres en un bosque junto a una nota que dice: «Satán vive SLD». Además, la novia de una de las víctimas ha desaparecido en la misma zona. La UAC organiza una búsqueda con ayuda de la población local, creyendo que el sospechoso intentará ayudar para conocer más sobre los avances de la investigación. Jason Gideon advierte al resto del grupo que el asesino debe de ser una de las personas implicadas en la búsqueda.",Mentes criminales: The Popular Kids,2005,7.5,3266,0,0,0,0,1,0,1,0,0
11,1,11,11,Charles Haid,Edward Napier,"La acción se traslada a Tennessee, donde se está produciendo una oleada de crímenes sin relación aparente entre ellos. La Unidad de Análisis de Conducta descubre lo que podría ser el nexo común de todos los asesinatos: una especie de firma en forma de manchas circulares de sangre.",Mentes criminales: Blood Hungry,2005,7.1,3344,0,0,0,0,1,0,0,0,0
12,1,12,12,Adam Davidson,Judith McCreary,"El equipo del agente Jason Gideon viaja a Delaware, donde una niña ha sido secuestrada. Los padres de la pequeña están separados y muestran fuertes discrepancias entre ellos. Los agentes rastrean la zona y con la ayuda del testimonio de una niña que fue abordada por el secuestrador en dos oportunidades, sin que ella cediera a sus intentos de amistad, establecen el perfil del secuestrador: un hombre que se siente cómodo en la zona, que tiene facilidad para entenderse con los chicos, en apariencia inofensivo y que conduce un todoterreno verde.",Mentes criminales: What Fresh Hell?,2006,7.4,2544,0,1,0,1,0,0,0,0,0
13,1,13,13,Thomas J. Wright,Aaron Zelman,"Los hechos ocurren en Beachwood, Nueva Jersey, donde varias personas han sido envenenadas con un producto que produce efectos equivalentes a los generados por la ingesta de alucinógenos en una dosis muy elevada. Las siete personas que han sufrido la intoxicación tienen un denominador común: ninguna de ellas recuerda nada de lo que sucedió y fueron agredidas mientras tenían alteradas sus facultades por efecto de la droga. La Unidad de Análisis de Conducta establece un perfil del agresor: varón prudente y resuelto, de entre 35 y 50 años, que actúa por una única motivación, la venganza.",Mentes criminales: Poison,2006,7.3,2613,0,0,0,0,0,0,0,0,0
14,1,14,14,Chris Long,Simon Mirren,"Jason Gideon y Aaron Hotchner entrevistan a un matrimonio que espera su ejecución en el corredor de la muerte. Ambos esposos han sido hallados culpables en un caso de asesinatos en serie. En el transcurso de la entrevista, Gideon encuentra indicios de inocencia en la mujer, que se convertiría en la última víctima de su marido. A partir de ese momento, el equipo inicia una carrera contrarreloj para tratar de reunir las pruebas antes de que se ejecute la sentencia.",Mentes criminales: Riding the Lightning,2006,8.7,4885,1,0,0,0,1,0,1,0,0
15,1,15,15,J. Miller Tobin,Debra J. Fisher & Erica Messer,"La Unidad de Análisis de Conducta se enfrenta a un asesino en serie que ha resurgido tras veinte años de inactividad, eligiendo para el momento de su reaparición la presentación del libro del detective Max Ryan, quien habla precisamente de este asesino, el único al que no pudo capturar durante su carrera.",Mentes criminales: Unfinished Business,2006,7.7,2614,0,0,0,0,1,0,0,0,0
16,1,16,16,Matt Earl Beesley,Andrew Wilder,"El equipo de Gideon y Hotchner investigan un homicidio múltiple de estudiantes en una casa vacía. Las pruebas apuntan a que los autores de los crímenes podrían ser indios apaches u otras personas haciéndose pasar por estos. El equipo comienza las investigaciones entrevistando a los miembros de una reserva india cercana a la escena de los crímenes y a los residentes del vecindario.

Nota: En este episodio aparece además el hermano menor de Hotchner, el cual se presenta en su despacho para comunicar su decisión de dejar de estudiar.",Mentes criminales: The Tribe,2006,7.6,2845,0,0,0,0,0,0,0,0,0
17,1,17,17,Gloria Muzio,Chris Mundy,"La Unidad de Análisis de Conducta se traslada a Manhattan, donde se están sucediendo una serie de asesinatos sin móvil aparente. Según las pruebas que encuentran en las escenas de los crímenes, la unidad dirigida por Jason Gideon establece un perfil del delincuente: un hombre cuya profesión requiere el manejo de armas y que pretende acabar con la vida de delincuentes que la justicia ha dejado escapar.",Mentes criminales: A Real Rain,2006,7.6,2599,0,1,0,0,1,0,0,0,0
18,1,18,18,Paul Shapiro,Edward Napier,"Luego de dar un seminario a la policía de Los Ángeles, Reid y Gideon son requeridos en una escena del crimen donde ha muerto una actriz. Después de indagar un poco, el equipo se da cuenta de que los asesinatos han sido varios, pero como no tenían conexión aparente, la policía no había llegado a esa conclusión. La investigación les lleva a deducir que el asesino es un acosador de otra actriz, llamada Lila, que de algún modo le ha estado «limpiando el camino».

En este episodio Reid se involucra de manera personal con la víctima, rebasando así el límite profesional.",Mentes criminales: Somebody's Watching,2006,8.2,3841,0,0,0,0,1,0,1,0,0
19,1,19,19,Guy Norman Bee,Aaron Zelman,"Jason Gideon y el resto del equipo se trasladan a México para colaborar en la investigación de los asesinatos en serie de varias mujeres mayores. Al principio, los agentes de la Unidad de Análisis de Conducta encuentran resistencia en las fuerzas de orden público locales, cuyas técnicas difieren mucho de las utilizadas por ellos en sus casos domésticos. Sin embargo, un nuevo asesinato precipita que los dos equipos unan sus fuerzas para evitar más víctimas. Mientras tanto, Aaron Hotchner divide su tiempo entre la vida familiar, con su mujer y su bebé recién nacido, y sus responsabilidades en el trabajo.",Mentes criminales: Machismo,2006,7.2,2737,1,0,0,0,1,0,1,0,1
20,1,20,20,Félix Alcalá,Debra J. Fisher & Erica Messer,"El equipo persigue a un asesino que posee la facultad de disfrazarse con gran rapidez, lo que dificulta enormemente su captura. Los agentes de la Unidad de Análisis de Conducta investigarán cada una de sus apariencias, para así trazar un perfil psicológico y estrechar el cerco en torno al criminal.",Mentes criminales: Charm and Harm,2006,7.6,2520,0,0,0,0,1,0,0,0,0
21,1,21,21,Matt Earl Beesley,Simon Mirren,"Algunos agentes de la CIA recurren a Jason Gideon y su equipo para que intenten trazar el perfil psicológico de un individuo que trabaja como agente doble en las oficinas de la Agencia Central de Inteligencia. El espía se dedica a filtrar información clasificada, poniendo en peligro la vida de otros agentes. Durante la investigación, la CIA se traslada a trabajar a las dependencias de la Unidad de Análisis de Conducta del FBI, para así evitar nuevas filtraciones. En estas circunstancias extremas, el equipo deberá trabajar con rapidez para conseguir destapar al traidor.",Mentes criminales: Secrets and Lies,2006,7.6,3208,0,0,0,0,0,0,0,0,0
22,1,22,22,Edward Allen Bernero,Edward Allen Bernero,"Los miembros del equipo se ven forzados a regresar de sus vacaciones tras recibir, cada uno de ellos en sus respectivos lugares de descanso, diversas pistas que apuntan a que se están cometiendo una serie de asesinatos. Cuando se reúnen para comenzar la investigación y ponen en común los diferentes mensajes recibidos, comprenden que alguno de ellos también podría encontrarse en peligro.",Mentes criminales: The Fisher King: Part 1,2006,8.5,3586,0,0,0,0,1,0,0,0,0
23,2,23,1,Gloria Muzio,Edward Allen Bernero,"El equipo sigue las pistas del psicópata que les amenaza con la intención de poder salvar a su última víctima. Gideon decide no centrarse en los aspectos personales del caso, y de hecho les pide que hagan el perfil del asesino como si estuvieran haciendo el de cualquier otro.",Mentes criminales: The Fisher King: Part 2,2006,8.7,3393,0,0,0,0,1,0,1,0,0
24,2,24,2,Adam Davidson,Simon Mirren,"Un chico que desapareció cuando solo tenía un año de edad aparece en una página de pornografía infantil para ser subastado. Un antiguo miembro de la UAC (Mary Page Keller) le pide al grupo que ayude en la investigación que intentará salvar al chico, antes de que su captor (David Pevsner) lo subaste y se dé a la fuga.",Mentes criminales: P911,2006,7.9,2572,0,0,0,0,0,0,0,0,0
25,2,25,3,Félix Alcalá,Debra J. Fisher & Erica Messer,"La policía local busca a un criminal que ha cometido una serie de asesinatos, en los que la víctima es sometida a violación y tortura, con la singular firma de enviar un DVD a la familia de la víctima, en las que graba las vejaciones a las que la ha sometido. Sin embargo, al aparecer el equipo en escena, se da cuenta, por la manera en que están filmados de que se trata de dos personas, un débil (Brad Rowe) y otra dominante (Nicki Aycox), al notar que la cámara no está estática, sino en movimiento.",Mentes criminales: The Perfect Storm,2006,7.7,2352,0,0,0,0,1,0,1,0,1
26,2,26,4,Guy Norman Bee,Aaron Zelman,El equipo es llamado para investigar una serie de robos a unos bancos tras ser evidente que el motivo no es el dinero. Dado que el ladrón (Jason Wiles) abusa de las víctimas haciéndoles desnudarse antes de abandonar la escena del crimen.,Mentes criminales: Psychodrama,2006,7.4,2488,0,0,0,0,0,0,1,0,0
27,2,27,5,Tim Matheson,Chris Mundy,"El equipo investiga a un violador (Jason London) que ha estado atacando a mujeres en colegios religiosos y que de repente ha parado por seis meses, para empezar a atacar a mujeres de más de treinta años. Durante la investigación Elle comienza a involucrarse demasiado emocionalmente, lo que la lleva a tomar una decisión que le podría poner fin de su carrera.",Mentes criminales: Aftermath,2006,7.6,2558,1,0,0,0,0,0,0,0,0
28,2,28,6,Steve Boyum,Andi Bushell,"El equipo viaja a una pequeña comunidad en Texas para investigar los asesinatos de unos niños, que han sido muertos a golpes dentro del bosque que rodea la ciudad. 

Mientras, Elle y Hotch se quedan en Quántico resolviendo que hacer a continuación, luego de la investigación interna a la que se vio sometida Elle.",Mentes criminales: The Boogeyman,2006,7.8,2972,0,0,0,1,1,0,0,0,0
29,2,29,7,Matt Earl Beesley,Andrew Wilder,"Un hombre (Tom Schmid) secuestra a tres adolescentes y las encierra en una habitación. Les advierte que solo pueden salir dos de ellas, por lo que tienen que elegir a cual mataran. El equipo coge el caso cuando una de las madres viaja a Quántico, para pedirle ayuda a JJ, antes de que sea muy tarde.",Mentes criminales: North Mammon,2006,8.1,2751,0,1,1,0,0,0,0,0,0
30,2,30,8,Elodie Keene,Edward Napier,El equipo viaja a Seattle para identificar y cazar a un terrorista que se ha dedicado a amenazar a la ciudad con diversas bombas. Trabajarán mano a mano con un escritor de novelas de ciencia ficción que parece haber sido la inspiración del terrorista e intentarán determinar por qué elige esos objetivos.,Mentes criminales: Empty Planet,2006,7.6,2489,0,0,0,0,0,0,0,0,0
31,2,31,9,Gloria Muzio,Debra J. Fisher & Erica Messer,"Al principio del episodio vemos que una nueva agente ha sido incorporada al equipo, pero sin que nadie lo supiera, por ello Hotch se sorprende al encontrarla en su oficina, y se niega de plano a aceptarla como un nuevo miembro, por lo que deberá demostrar sus tenacidad. A su vez, se solicita la participación del equipo en St. Louis, donde dos asesinos seriales con distintos modus operandi parecen estar compitiendo entre sí. Con la ayuda de los medios, y atendiendo a patrones de comportamiento de los criminales, utilizaran la conexión que han creado para atraparlos.",Mentes criminales: The Last Word,2006,7.8,2448,0,0,0,0,1,0,0,0,0
32,2,32,10,Guy Norman Bee,Jim Clemente,"Luego de que la unidad de delitos contra las drogas (DAE) encontrara una casa, en la que en lugar de metanfetamina se estaba fabricando una bomba biológica, el equipo interviene. 

Gideon, Reid y, la nueva miembro, Prentiss viajan a la bahía de Guantánamo para interrogar al posible líder de esta célula terrorista. Dado que el preso posee valiosa información que podría ayudar a prevenir un desastre nacional, pero que no quiere colaborar, Gideon debe usar todos sus conocimientos apoyado por Prentiss, que al dominar el árabe con fluidez, puede notar matices en la manera de hablar del prisionero; y por Reid quien se encarga de analizar el lenguaje corporal del prisionero para determinar la veracidad de lo que dice. Mientras, Hotch y Morgan siguen el rastro de la bomba y García junto con JJ buscan datos en la red.",Mentes criminales: Lessons Learned,2006,8.3,2763,0,0,0,0,0,0,0,0,0
33,2,33,11,Gwyneth Horder-Payton,Chris Mundy,"Un muchacho alcanza al Dr. Reid de camino al trabajo, lo saluda reconociéndolo como el seminarista que disertó sobre conductas desviadas y sadismo, por lo que comienza a hacerle algunas preguntas que terminan incomodando a los dos y haciendo que el muchacho finalmente huya.

Cuando Reid llega a Quántico, inmediatamente se pone a intentar encontrar al joven, dado que tiene el presentimiento de que puede calzar dentro del patrón de un posible asesino serial. Al poco tiempo, sus temores se ven confirmados al encontrarse varios cuerpos de prostitutas cerca del Capitolio, en Washington.","Mentes criminales: Sex, Birth, Death",2006,8.5,3693,0,0,0,0,1,1,0,0,0
34,2,34,12,Glenn Kershaw,Edward Allen Bernero,"Morgan viaja a Chicago como todos los años para celebrar el cumpleaños de su madre. Y como siempre visita a sus jóvenes amigos del Centro que lo ayudó a surgir en su juventud y una tumba de un chico desconocido fallecido hace quince años, no sabe que esto de algún modo termina incriminándolo en una seguidilla de asesinatos, gracias a un perfil que el mismo Gideon envió a la policía local. El equipo, entonces, viaja para ayudarlo a desentrañar el misterio aunque eso puede significar que tengan que indagar en el pasado de Morgan, cosa que a él no le agrada en lo más mínimo.","Mentes criminales: Profiler, Profiled",2006,8.1,2905,0,0,0,0,1,0,0,0,0
35,2,35,13,John Gallagher,Simon Mirren,"Un torso y un brazo son encontrados cerca de una carretera en Texas en el mismo sitio que se han encontrado otros restos cada ciertos años. Luego de una ardua investigación el equipo logra determinar que el asesino (Keith Carradine) es un sádico que droga a sus víctimas con «la droga de la violación», es decir, las imposibilita para moverse, pero no para ver y sentir lo que pasa mientras las asesina. 

Aun cuando Gideon logra descubrir todo lo referente al sujeto, este, tras un elaborado plan logra escapar.",Mentes criminales: No Way Out,2007,8.4,2782,0,0,0,0,1,0,1,0,0
36,2,36,14,Gloria Muzio,Edward Allen Bernero,"Al final de la temporada del Super Bowl una pareja es brutalmente asesinada, aparentemente por dos sujetos, uno de los cuales llama al 911 para advertir que por su codicia serán castigados. Mientras los miembros de la unidad están en la escena del crimen, García descubre que el asesino ha subido a la red un video del asesinato, el cual rápidamente se vuelve muy popular por su realismo. Asombrados los miembros del equipo intentan descifrar la voz de la grabación, y entretanto, se produce otra llamada al 911. Una mujer (Samantha Smith) que estaba teniendo una aventura es secuestrada y su amante asesinado. 

Mientras Reid y JJ, van a ver a un sujeto que podría ser un potencial testigo (James Van Der Beek), descubren que en realidad es uno de los asesinos. Reid abandona a JJ, haciendo vivir a JJ una terrible experiencia y dándole la oportunidad al asesino de secuestrar a Reid.",Mentes criminales: The Big Game,2007,8.2,2694,1,0,0,0,1,0,0,0,0
37,2,37,15,Guy Norman Bee,Chris Mundy,"Este capítulo se centra en como el equipo trabaja para rescatar a Reid del sádico criminal (James Van Der Beek) que lo tiene secuestrado. Lo que los pone a un más frenéticos es que mientras están en la casa de este, frente a una enorme cantidad de pantallas en las que puede verse a diferentes personas, de repente en una de ellas aparece Reid siendo torturado para que confiese sus pecados. Afortunadamente, Reid no ha perdido la presencia de ánimo suficiente como para intentar comunicar su paradero a sus amigos.",Mentes criminales: Revelations,2007,8.9,4171,0,0,0,0,0,0,0,0,0
38,2,38,16,Rob Spera,Aaron Zelman,"Se solicita la presencia del equipo en un suburbio de Nueva York debido a que se han estado produciendo violentos asesinatos, hasta ahora de cuatro jóvenes negras, mientras que los activistas negros comienzan a protestar por lo que consideran  crímenes racistas.",Mentes criminales: Fear and Loathing,2007,7.5,2494,0,0,0,0,1,0,0,0,0
39,2,39,17,John Showalter,Oanh Ly,"El equipo es solicitado en Houston para investigar una serie de extraños y aleatorios asesinatos que han ocurrido cerca de sitios en construcción y edificios abandonados. Dadas las circunstancias pareciera ser que el asesino es un vagabundo, pero nuevos elementos hacen ver la necesidad de reestructurar el perfil. Ahora puede apreciarse un cambio en la actitud de Reid.",Mentes criminales: Distress,2007,7.7,2437,0,0,0,0,1,0,0,0,0
40,2,40,18,Steve Shill,Andi Bushell,"En este capítulo vemos como el Dr. Reid, aún muestra secuelas del secuestro que sufrió en capítulos anteriores. Mientras el equipo se enfrenta a un asesino que está emulando a Jack el Destripador, pero en Nueva Orleans.",Mentes criminales: Jones,2007,8.1,3300,0,0,0,0,1,0,0,0,0
41,2,41,19,John E. Gallagher,Andrew Wilder,"Hay un pirómano aterrando la ciudad pero contrario a los perfiles de estos criminales, este en particular no solo quema casas, sino familias y se mantiene presente mientras esto ocurre.

Todo parece indicar que está relacionado de alguna manera con un grupo medioambiental, cuyo líder hace que Hotch se lo tome de manera muy personal.",Mentes criminales: Ashes and Dust,2007,7.7,2472,0,0,0,0,0,0,0,1,1
42,2,42,20,Jesús Salvador Treviño,Aaron Zelman,"En este episodio el equipo se enfrenta a la mafia rusa, la cual, al parecer, está fraguando secuestros, bastante brutales, entre criminales rusos que han llegado como inmigrantes.

En este episodio aparece la madre de Prentiss.",Mentes criminales: Honor Among Thieves,2007,7.1,2921,0,0,0,0,0,0,0,0,0
43,2,43,21,Félix Alcalá,Debra J. Fisher & Erica Messer,"En este episodio, vemos como un par de hermanos asesinos se dedica a cazar personas, con arcos recurvos, por los bosques de Idaho.",Mentes criminales: Open Season,2007,7.9,2633,0,0,0,0,1,0,0,0,0
44,2,44,22,Glenn Kershaw,Edward Allen Bernero,"En este episodio, sesenta y tres personas sin hogar han desaparecido misteriosamente, sin que le preocupe a nadie, salvo al detective que tiene asignado vigilarlas. Lamentablemente, dado que padece un desorden de tipo obsesivo no es tomado en cuenta por sus superiores, lo que lo determina a ir directamente a conseguir la ayuda con el equipo.

Este capítulo tiene cierta similitudes con la película Hostel y con la serie Saw.",Mentes criminales: Legacy,2007,8.2,2490,0,0,0,0,0,0,0,0,0
45,2,45,23,Edward Allen Bernero,Simon Mirren,"En este capítulo, el asesino serial Frank Breitkopf reaparece al asesinar a la exnovia de Gideon e inculpándolo por este crimen. El equipo, sabiendo que es Frank, se dedica a la investigación tras bastidores y oculta a Gideon, con el fin de encontrar a Breitkopf y también a Jane, razón por la cual hasta ahora había dejado de matar.

Este episodio finaliza con un posible complot en contra del liderazgo de Hochtner, dado que no siguió el conducto regular para ayudar a Gideon. Gideon es exonerado pero le deja un trauma que probablemente le sea difícil superar.","Mentes criminales: No Way Out, Part II: The Evilution of Frank",2007,8.3,3193,0,0,0,0,1,0,0,0,0
46,3,46,1,Gloria Muzio,Chris Mundy,"El equipo investiga a un asesino en serie que tiene como blanco a mujeres que pertenecen a una pequeña universidad en el norte 
central de Estados Unidos. Al crear un perfil detallado del sospechoso deciden cerrar el campus, arrestando a un sospechoso. Sin embargo, los miembros del equipo empiezan a tener dudas de su trabajo luego de que se comete un nuevo asesinato. Gideon principalmente se encuentra incómodo ya que considera pueda haber cometido algún error al estar distraído por la muerte de su amiga.
Finalmente a Hotchner lo envían por dos semanas a su casa mientras se investigan los últimos hechos ocurridos en el Campus. 

Aunque este episodio no fue emitido en Estados Unidos, debido a lo ocurrido en Virgia Tech, se fijó como futura fecha de estreno el comienzo de la tercera temporada.",Mentes criminales: Doubt,2007,7.6,2334,1,0,0,0,1,0,0,0,0
47,3,47,2,Edward Allen Bernero,Chris Mundy,"Emily Prentiss deja el FBI y por consiguiente la UAC, Jason Gideon no aparece, pero le deja una carta a Spencer, la cual es narrada en el capítulo anterior. Aaron Hotchner ha pedido el traslado. Con la ayuda de Strauss, el escaso equipo viaja para investigar cuatro asesinatos de mujeres que aparecen sin el corazón. Al final del episodio Hotch y Emily deciden quedarse en el equipo, Hotch dice que debe hablar con su esposa, pero al regresar a su casa está vacía ya que Haley decide dejar a Hotch y se lleva a Jack con ella.

En este capítulo hacen mención sobre la adicción de Reid a las drogas después de su secuestro y tortura.",Mentes criminales: In Name and Blood,2007,7.9,2433,1,0,0,0,1,0,0,0,0
48,3,48,3,Félix Alcalá,Debra J. Fisher & Erica Messer,"Un ex-psicólogo se hace pasar por su profesión antigua y hace que les relaten sus peores fobias y de esta manera asesina brutalmente a sus víctimas. Reid y Prentiss hablan sobre el «abandono» de Gideon, y como se siente Reid al respecto. Aaron le confiesa a Morgan que Haley lo dejó.",Mentes criminales: Scared to Death,2007,7.6,2416,0,0,0,0,1,0,1,0,0
49,3,49,4,Guy Norman Bee,Dan Dworkin & Jay Beattie,"Familias enteras son asesinadas, los asesinos entran en las casas con la excusa de haber encontrado un animal muerto.",Mentes criminales: Children of the Dark,2007,7.9,2341,0,0,0,0,1,0,0,0,1
50,3,50,5,John Gallagher,Andi Bushell,Una niña desaparece en un centro comercial mientras está con sus tíos y su primo.,Mentes criminales: Seven Seconds,2007,8.3,2710,0,0,0,1,0,0,0,0,0
51,3,51,6,Skipp Sudduth,Charles Murray,"La Unidad de Análisis de Conducta recibirá a David Rossi. El veterano agente aportará su experiencia e intuición en el primer caso al que deberá enfrentarse: la localización de un sádico asesino en Dallas que anunciará sus crímenes mediante la distribución de folletos con la imagen de sus víctimas.

Aaron Hotchner y los miembros de su equipo analizarán este extraño modus operandi, que perseguirá avanzar el secuestro y posterior asesinato de sus objetivos en lugares donde sus víctimas puedan observarlo. Este macabro juego obligará a los agentes a duplicar sus esfuerzos en este complicado caso.",Mentes criminales: About Face,2007,7.5,2317,0,0,0,0,1,0,1,0,0
52,3,52,7,Gwyneth Horder-Payton,Oanh Ly,"Un exmilitar pondrá en jaque a Hotchner y a sus hombres tras secuestrar y asesinar a tres mujeres en Montana. Una nueva desaparición obligará a la Unidad de Análisis de Conducta a trabajar contrarreloj para intentar salvar la vida de la mujer.

Sin embargo, cuando los federales procedan a la detención del sospechoso, este decidirá suicidarse. Ante este imprevisto, los agentes dirigirán su mirada hacia el compinche del suicida, de quien sospechan que mantiene retenida a la desaparecida.",Mentes criminales: Identity,2007,7.4,2293,1,1,0,0,1,0,0,0,0
53,3,53,8,Steve Boyum,Andrew Wilder,"Derek Morgan sufrirá una profunda crisis existencial a raíz de la investigación de un asesino en serie con tendencias caníbales en Bridgewater, Florida. Sin embargo, el resto de miembros de la Unidad de Análisis de Conducta, en colaboración con las autoridades locales, intentarán recabar los datos necesarios para la localización del homicida antes de que cometa más crímenes atroces.

Mientras tanto, Penélope García, encargada de la oficina de tecnología audiovisual, creerá haber conocido al hombre de sus sueños. Sin embargo, detectará algo sospechoso tras la seductora apariencia del hombre, unas sospechas que se confirmarán tras su primera cita, que concluirá de una forma inesperadamente violenta.",Mentes criminales: Lucky,2007,8.2,3332,0,1,0,0,1,0,0,0,0
54,3,54,9,Félix Alcalá,Chris Mundy,"Las pesquisas se centran en torno al intento de asesinato de Garcia, cuya cita con el hombre desconocido acabó en tragedia. El equipo pronto descubrirá que el encuentro no fue casual, sino que el hombre se acercó premeditadamente a Penelope para matarla, ya que la agente se encontraba revisando información que podía comprometerle, relacionada con una serie de asesinatos ocurridos en el pasado.",Mentes criminales: Penelope,2007,8.7,3634,0,1,0,0,1,0,0,0,0
55,3,55,10,Edward Allen Bernero,Edward Allen Bernero,"Un afamado dibujante de cómics, sufre un ataque psicótico cuando él y su novia embarazada sufren un brutal ataque a manos de una banda callejera de Los Ángeles, agresión que se saldará con la muerte de su pareja.

Este caso obligará a la Unidad de Análisis de Conducta a desplazarse hasta la ciudad más poblada de los Estados Unidos para intentar arrestar al homicida con la colaboración de las autoridades locales.",Mentes criminales: True Night,2007,7.8,2723,0,0,0,0,0,0,0,0,0
56,3,56,11,John E. Gallagher,Debra J. Fisher & Erica Messer,"El equipo se traslada a Virginia para estudiar el caso de una serie de mujeres mutiladas y quemadas posteriormente. Los primeros indicios propician que se establezca una relación entre esta oleada de asesinatos con otra ocurrida en la misma ciudad hace más de veinte años, cuyo autor falleció en la década de los 80.",Mentes criminales: Birthright,2007,7.7,2375,1,0,0,0,1,0,0,0,0
57,3,57,12,Anthony M. Hemingway,Simon Mirren,"El capítulo narra la historia de las adolescentes, Katie y Lindsey, que desaparecen tras pasar la tarde en el cine.La Unidad de Análisis de Conducta, encuentra el cadáver de Katie y comienzan a sospechar que el asesino podría hacer lo mismo con Lindsey en pocas horas.

La angustia y el poco tiempo del que parecen disponer, llevarán a Bruce y Jack, los padres de las chicas, a poner en marcha una investigación por su cuenta para localizar al asesino.",Mentes criminales: 3rd Life,2008,8,2573,0,0,1,0,1,0,0,0,0
58,3,58,13,Glenn Kershaw,Dan Dworkin & Jay Beattie,"Tras la aparición de diversos objetos sospechosos en una subasta realizada en Filadelfia, Rossi y su equipo trabajan en busca de la pista de un posible asesino. El descubrimiento de un cuarto lleno de artículos que podrían pertenecer al homicida permite a la Unidad de Análisis de la Conducta hacer un retrato psicológico del criminal. De repente, Rossi localiza a una víctima asesinada hace cuatro años que coincide con la forma de actuar del criminal, y más adelante, aparecen tres cuerpos más, por lo que los agentes empiezan a pensar que el criminal que buscan ha ocultado numerosos asesinatos durante años. 

Por otro lado Jill Morris, una de las agentes de Filadelfia que colabora en el caso, intenta atraer la investigación de Rossi fabricando una prueba falsa. Con el objetivo de hacerse famosa, la agente Morris acude a los medios de comunicación y revela los detalles de la investigación. Sin embargo, el asesino en serie quiere escribir su propia historia y termina secuestrando a la joven policía y a una reportera de las noticias locales.",Mentes criminales: Limelight,2008,7.5,2363,0,0,0,0,1,1,1,0,0
59,3,59,14,Edward Allen Bernero,Edward Allen Bernero,"David Rossi regresa con su equipo a Indianápolis para resolver un crimen acontecido en 1988 del que fueron víctimas los miembros de un matrimonio con tres hijos. En aquel momento, el policía se encontraba en la ciudad para investigar otro caso, pero cuando se sumergió en la investigación no fue capaz de trazar el perfil del asesino.",Mentes criminales: Damaged,2008,7.9,3094,0,0,0,0,1,0,1,0,0
60,3,60,15,Félix Alcalá,Michael Udesky,El equipo se traslada a Pittsburg para arrojar luz sobre una reciente oleada de suicidios. Pronto descubren que todas las víctimas son familiares de diversas personas involucradas en un incendio y que sus muertes son en realidad obra de un psicópata que considera sus asesinatos como acciones de misericordia.,Mentes criminales: A Higher Power,2008,7.4,2408,0,0,0,0,1,0,1,0,1
61,3,61,16,Bobby Roth,Andrew Wilder,"El equipo de la Unidad de Análisis de la Conducta tratará de trazar el perfil de un asesino que tiene atemorizada a una pequeña localidad de Texas y que parece estar matando a las personas que en algún momento le han ofendido.
Una bomba en la casa que un padre comparte con su hija y el asesinato de los dos policías que acuden a investigar el suceso, serán las señales que Rossi utilizará para establecer la venganza como móvil de los crímenes.

Aquí se muestra a Reid en una reunión de rehabilitación de adicciones.",Mentes criminales: Elephant's Memory,2008,8.3,3273,0,0,0,0,1,0,0,0,0
62,3,62,17,John Gallagher,Andi Bushell,"Un asesino en serie se ceba sobre el colectivo homosexual a causa de un conflicto con su propia identidad sexual. Hotchner, Rossi y el resto del equipo se trasladarán a Miami para tratar de detener la masacre.",Mentes criminales: In Heat,2008,7.6,2492,0,0,0,0,1,0,0,0,0
63,3,63,18,Guy Norman Bee,Debra J. Fisher & Erica Messer,"Una chica está constantemente acosada por un admirador secreto que le envía fotos allí donde se mude y presenta su caso a la unidad, mientras, también les presentan otro caso sobre una mujer que mató a su marido alegando maltrato constante.

En el final del capítulo se revela que JJ está embarazada.",Mentes criminales: The Crossing,2008,7.6,2323,1,0,0,0,0,0,0,0,0
64,3,64,19,Steve Boyum,Dan Dworkin & Jay Beattie,"Un asesino en serie es herido y cae en coma durante su detención. Cuando, cuatro años después, recobra el conocimiento, no recuerda nada de su vida pasada. El equipo tratará de probar su culpabilidad sin despertar sus instintos criminales.",Mentes criminales: Tabula Rasa,2008,8.1,3032,0,0,0,0,1,0,0,0,0
65,3,65,20,Glenn Kershaw,Chris Mundy,"Un asesino serial mata a sus víctimas con un disparo en la cabeza sin razón alguna. Gracias a la ayuda de García descubren que se trata de una banda terrorista.

Esta banda vigila a la UAC y sabe todo sobre ellos y cuando la UAC parece tener todo bajo control una bomba explota bajo la camioneta de uno de los agentes.",Mentes criminales: Lo-Fi,2008,8.5,3237,0,0,0,0,1,0,1,0,0
66,4,66,1,Edward Allen Bernero,Simon Mirren,"Después de que una bomba estallara bajo un vehículo federal en la ciudad de Nueva York que podría estar llevando a un miembro de la UAC, el equipo va a toda velocidad para determinar quién podría haber sido herido en la explosión y para detener a los terroristas responsables de causar la matanza.",Mentes criminales: Mayhem,2008,8.6,3469,0,0,0,0,0,0,0,0,0
67,4,67,2,Glenn Kershaw,Jay Beattie & Dan Dworkin,"Los efectivos de la Unidad de Análisis de Conducta viajan a la localidad de Lower Canaan en Ohio, donde una joven ha sido brutalmente asesinada. Las primeras pesquisas apuntan hacia un asesinato ritual, pero las marcas de pinchazos post mortem guardan gran similitud con una serie de asesinatos que tuvieron lugar hace diez años en la misma ciudad, pero con una particularidad: el asesino ya fue ejecutado.",Mentes criminales: The Angel Maker,2008,7.7,2489,0,0,0,0,1,0,0,0,0
68,4,68,3,Félix Alcalá,Andrew Wilder,"Después de que Prentiss y Reid fueran encubiertos a Colorado para investigar un presunto abuso infantil cometido por el líder de una comunidad cristiana fundamentalista en el recinto del culto subterráneo en La Plata County, se encuentran retenidos como rehenes en una redada, dirigida por la Policía del Estado, que termina yendo desastrosamente mal.",Mentes criminales: Minimal Loss,2008,8.2,3242,0,0,0,0,0,0,0,0,0
69,4,69,4,John E. Gallagher,Erica Messer & Debra J. Fisher,"El sheriff de una localidad cercana a Reno solicita la ayuda de la UAC en relación con una serie de extraños accidentes en los que los ocupantes murieron antes del accidente, pero en realidad se trata de un violador en serie que captura parejas en su cabaña de descanso y las mata, dejando los cadáveres en la carretera, además de luchar contra reloj para encontrar con vida a un matrimonio extraviado.",Mentes criminales: Paradise,2008,7.7,2401,0,0,0,0,0,0,0,0,0
70,4,70,5,Charles Haid,Oanh Ly,"Una extraña oleada de robos con asesinatos en el centro de California lleva a los agentes federales a iniciar la investigación de un nuevo caso. La policía local descubre restos de ADN de un único sospechoso en los domicilios de las distintas víctimas, por lo que la UAC cree que los actos delictivos son obra de un asesino en serie.",Mentes criminales: Catching Out,2008,7.2,2361,0,0,0,0,1,0,1,0,0
71,4,71,6,Rob Spera,Chris Mundy,"Mientras viajan a Las Vegas para investigar la misteriosa desaparición de un niño, Reid tiene una pesadilla, y les explica que ha soñado con un niño que sufría abusos y acaba siendo apuñalado. Cuando los agentes de la UAC llegan a la ciudad, la policía local les informa que un pequeño de cinco años, desapareció del jardín de su casa hace dos semanas y su cuerpo sin vida apareció en el desierto varios días después. Después, desaparece otro niño. Posteriormente, el sospechoso se pone en contacto con la familia del pequeño para culparles por la desaparición de su hijo. La UAC inicia una carrera contrarreloj para encontrar al pequeño antes de que el asesino acabe con su vida.",Mentes criminales: The Instincts,2008,8.1,3116,0,0,0,1,1,1,0,0,1
72,4,72,7,Guy Norman Bee,Jay Beattie & Dan Dworkin,"Mientras sus compañeros se preparan para regresar a Quántico, Reid les comunica que ha decidido prolongar su estancia en la ciudad unos días más, ya que hace tiempo que no ve a su madre. Poco después, el joven analista se presenta en el Departamento de Policía de Las Vegas para conocer los detalles de la investigación del asesinato de Riley Jenkins. Poco después Reid descubre que el asesinato fue cerca de donde vivía cuando era niño, y empieza a tener recuerdos de su desafortunado pasado antes de que su padre los abandonara. Junto con Morgan y Rossi, Reid poco a poco va encontrando pistas que señalan a su padre como el posible asesino de Reily Jenkins.",Mentes criminales: Memoriam,2008,8.4,3243,0,0,0,1,1,0,0,0,0
73,4,73,8,Paul Michael Glaser,Edward Allen Bernero,"Un psicópata narcisista obsesionado con la secuencia de Fibonacci, se presenta en una charla sobre el FBI dada por Rossi y Reid y se entrega, confesando haber matado a siete personas y asegurando que morirán más, por lo que el equipo debe localizar a sus últimas víctimas antes de que sea demasiado tarde.",Mentes criminales: Masterpiece,2008,8.3,2880,0,0,0,0,0,0,1,0,0
74,4,74,9,Bobby Roth,Breen Frazier,"El equipo viaja a Atlanta, donde las agentes Emily Prentiss y Jordan Todd van de incógnito, para hacer el perfil de un asesino en serie, que ha perfeccionado sus habilidades como artista del pick-up y usa su habilidad masculina para atraer a sus próximas víctimas.",Mentes criminales: 52 Pickup,2008,7.9,2602,0,0,0,0,1,0,1,0,0
75,4,75,10,Glenn Kershaw,Holly Harold,"Como expolicía, Morgan toma como algo personal cuando un asesino en serie se dirige específicamente a los oficiales de la policía en Phoenix, Arizona.",Mentes criminales: Brothers in Arms,2008,7.5,2256,0,0,0,0,1,0,0,0,0
76,4,76,11,Steve Boyum,Andrew Wilder,"La UAC es llamada a ayudar a la policía local en la captura de un asesino en serie que está disparando a mujeres rubias a lo largo de las autopistas en el condado de Orange, California. El caso se complica debido a que los atroces actos parecen ser al azar y el tirador es descrito como alguien normal.",Mentes criminales: Normal,2008,8.3,2645,1,0,0,0,1,0,0,0,0
77,4,77,12,John E. Gallagher,Erica Messer & Debra J. Fisher,"Cuando mujeres jóvenes blancas y negras son asesinadas alternativamente en una comunidad próspera en Sarasota, Florida, la UAC sospecha que esto puede ser el trabajo de un par de asesinos en serie que trabajan juntos.",Mentes criminales: Soul Mates,2009,7.7,2230,1,0,0,0,1,0,0,0,0
78,4,78,13,Tim Matheson,Mark Linehan Bruner,"La UAC es llamada a Alabama cuando están secuestrando a niñas y sus padres son asesinados, por lo que parece ser una familia del pueblo gitano, los que trabajan juntos en lo que parece ser un ritual aparentemente diseñado para adquirir una esposa para su hijo, para así vivir juntos, tener hijos y de esta manera introducir sangre nueva en la familia.",Mentes criminales: Bloodline,2009,7.9,2365,0,0,0,1,1,0,0,0,1
79,4,79,14,Anna Foerster,Jay Beattie & Dan Dworkin,"La madre de una joven secuestrada trabaja con la UAC en Olympia, Washington para identificar a un asesino en serie que secuestra, asesina y embalsama a sus víctimas para pasar más tiempo con ellas.",Mentes criminales: Cold Comfort,2009,7.4,2085,0,0,0,0,1,0,1,0,0
80,4,80,15,Charles S. Carroll,Oanh Ly,La policía local de Cleveland solicita la ayuda de la Unidad de Análisis de Conducta para dar caza a un peligroso asesino en serie que ha asesinado a cinco inocentes copiando los métodos de famosos asesinos en serie del pasado. El caso se vuelve personal para Rossi cuando se entera de que la última víctima era una estudiante de criminología que asistió a una de sus firmas de libros y trató de llevar el asunto a su atención.,Mentes criminales: Zoe's Reprise,2009,8.1,2371,0,0,0,0,1,0,1,0,0
81,4,81,16,Gwyneth Horder-Payton,Breen Frazier,"La UAC es llamada a Dallas para investigar a una asesina en serie que está drogando y asesinando a ejecutivos de alto poder, haciéndose pasar por una prostituta de clase alta.",Mentes criminales: Pleasure Is My Business,2009,8.1,2635,0,0,0,0,1,0,0,0,0
82,4,82,17,Edward Allen Bernero,Chris Mundy,"La UAC investiga una serie de muertes que involucran posibles exorcismos en el área de Washington, que parecen estar sancionados por la Santa Sede. Prentiss se involucra personalmente en el caso cuando aparece un amigo que podría haber sido víctima del malicioso cura.",Mentes criminales: Demonology,2009,7,2841,0,0,0,0,0,0,1,0,0
83,4,83,18,Nelson McCormick,Andrew Wilder,"Hotchner recibe la llamada de un policía que está por morir, quien le dice que «La Parka de Boston», un asesino serial en cuyo caso tanto Hotchner como este policía trabajaron juntos, nunca fue arrestado porque hizo un trato con él para que se detuviera «hasta que la muerte los separara», entonces le deja el encargo a Hotch de atrapar al asesino porque cree que cuando el policía muera el asesino volverá, una conjetura que se demostró cierta.",Mentes criminales: Omnivore,2009,8.6,2760,0,0,0,0,1,0,0,0,0
84,4,84,19,Félix Alcalá,Holly Harold,"La UAC debe localizar a un pirómano y asesino en serie que provoca temor en un pequeño pueblo de Indiana, creando incendios en los lugares de reunión más comunes de la comunidad y matando a varios de sus residentes en el proceso.",Mentes criminales: House on Fire,2009,7.3,2853,0,0,0,0,1,0,0,1,0
85,4,85,20,Jason Alexander,Rick Dunkle,La UAC es llamada a Texas para investigar a un asesino en serie que está violando y matando a varones adolescentes durante las vacaciones de primavera en South Padre Island.,Mentes criminales: Conflicted,2009,8.4,3516,0,0,1,0,1,0,0,0,0
86,4,86,21,Karen Gaviola,Erica Messer & Debra J. Fisher,"La UAC colabora en la investigación de una serie de secuestros con asesinatos de niños en Cherry Hill, Nueva Jersey. Al llegar al lugar, el equipo trata de advertirle al teniente de la policía que está a cargo que no se involucre en el caso porque él es el tío del niño perdido.",Mentes criminales: A Shade of Gray,2009,8,2251,0,0,0,1,1,0,0,0,0
87,4,87,22,Rob Hardy,Simon Mirren,"Un asesino en serie en Buffalo, New York, graba a sus víctimas y envía un video de forma anónima a la policía. El equipo descubre un mensaje del asesino, en el video, pidiéndoles ayuda para parar de matar.",Mentes criminales: The Big Wheel,2009,8.2,3357,0,0,0,0,1,0,1,0,0
88,4,88,23,Steve Boyum,Jay Beattie & Dan Dworkin,"Las autoridades locales convocan a la UAC, después de que se sucedan una serie de homicidios, que parecen haber sido causados por el coche de un asesino en serie cerca de Bend, Oregón.",Mentes criminales: Roadkill,2009,7.3,2389,0,0,0,0,1,0,0,0,0
89,4,89,24,John E. Gallagher,Oanh Ly,"La UAC responde rápidamente después de que un asesino en serie libere una nueva variedad de la bacteria ántrax en Annapolis, Maryland, que amenaza al público y pone a un miembro del equipo en riesgo.",Mentes criminales: Amplification,2009,8.4,3209,0,0,0,0,1,0,0,0,0
90,4,90,25,Charles Haid,Chris Mundy,"En uno de los casos más difíciles, la UAC es llamada a Detroit para ayudar a rastrear a un asesino en serie que está matando a gente sin hogar, lo que obliga al equipo a desplazarse a Canadá para atraparlo.",Mentes criminales: To Hell...,2009,8.5,2727,0,0,0,0,1,0,0,0,0
91,4,91,26,Edward Allen Bernero,Edward Allen Bernero,"La UAC continúa su búsqueda en Canadá, cuando se enteran de que el asesino en serie que estaban buscando son un par de hermanos que secuestraban a personas para realizar experimentos médicos con ellos. Mientras tanto, Hotch se encuentra en peligro de muerte cuando llega a su casa y encuentra a Foyet esperándolo.",Mentes criminales: ...And Back,2009,8.7,502,0,0,0,0,1,0,0,0,0
92,5,92,1,Charles S. Carroll,Chris Mundy,"Un médico local recibe una amenaza de un asesino afirmando que él matará al hijo del médico; hasta que su hijo este muerto, el asesino matará a una persona al día. Trabajando contra el reloj, el equipo debe proteger al médico y a su hijo, y al mismo tiempo deben buscar a Hotchner, quien se encuentra desaparecido.","Mentes criminales: Nameless, Faceless",2009,8,2546,0,0,0,0,1,0,0,0,0
93,5,93,2,Jon Cassar,Erica Messer,Un hombre agitado experimenta un episodio psicótico y ha dejado tres personas muertas y dos heridas en su estela. La UAC debe averiguar lo que desencadenó la ruptura y encontrarlo antes de que mate otra vez.,Mentes criminales: Haunted,2009,7.7,2912,0,1,0,0,0,0,0,0,0
94,5,94,3,Karen Gaviola,Jay Beattie & Dan Dworkin,"La UAC es llamada por una serie de asesinatos en Commarck, la ciudad natal de Rossi. «J.J.» explica las muertes, una mujer torturada con privación de alimentos,un hombre con los genitales amputados y otro con las manos cortadas, la esposa de este desaparecida, todos con una bala detrás de la oreja y otra en el pecho.",Mentes criminales: Reckoner,2009,7.4,2810,1,1,0,0,1,0,0,0,0
95,5,95,4,Félix Alcalá,Chris Mundy,"La UAC investiga un caso en Washington D. C., en donde dos parejas encontradas muertas, las que fueron asesinadas brutalmente en el hogar de una de las parejas. Al tratar de descifrar lo que pasa, se vincula este crimen a una serie de vandalismos previos.",Mentes criminales: Hopeless,2009,7.3,2375,0,0,0,0,1,0,0,0,0
96,5,96,5,Rob Spera,Breen Frazier,"El equipo viaja a Albuquerque en descubren a una mujer asesinada que con concuerda con otras víctimas previas. Descubren que las mujeres estuvieran embarazadas previas a la muerte, lo cual los lleva a pensar en un posible tráfico de niños.",Mentes criminales: Cradle to Grave,2009,7.6,2097,1,0,0,1,1,0,1,0,0
97,5,97,6,Glenn Kershaw,Oanh Ly,"El equipo viaja a Oklahoma City para ayudar a las autoridades locales a atrapar a un asesino en serie, el cual le saca los ojos a sus víctimas.",Mentes criminales: The Eyes Have It,2009,7.2,2127,0,0,0,0,1,0,1,0,0
98,5,98,7,John Badham,Holly Harold,"La UAC es llamada a Los Ángeles, en donde aparecen una serie de asesinatos relacionados con el vampirismo y  un cantante gótico llamado «Dante».",Mentes criminales: The Performer,2009,7.4,2402,0,0,0,0,1,0,0,0,0
99,5,99,8,John E. Gallagher,Simon Mirren,"Mientras investigan una serie de asesinatos de familias enteras en Hampton, Virginia, la UAC se ve obligada a visitar la prisión Red Onion Supermax para pedir consejo a uno de los asesinos más atroces del pasado del equipo, apodado «El Zorro» (capítulo 7 de la primera temporada), quien entrega un mensaje ominoso al agente Hotchner.",Mentes criminales: Outfoxed,2009,7.7,2090,0,0,0,0,1,0,0,0,1
100,5,100,9,Edward Allen Bernero,Bo Crese,"Cada miembro de la UAC es parte de una investigación interna sobre los eventos que ya han ocurrido, y en los que la actuación de Hotchner está siendo cuestionada. La historia del caso es contada a través de cada uno en sus entrevistas, y comienza cuando «El Zorro» dijo a Hotch que las cartas que recibió en prisión provenían de George Foyet, por lo que el equipo centró su atención en la investigación a Foyet.",Mentes criminales: 100,2009,9.2,4561,0,0,0,0,0,0,0,0,0
101,5,101,10,Charles Haid,Rick Dunkle,"Un aparcacoches copia las llaves de los coches de mujeres exitosas y a continuación las espera en su casa. En casa de sus víctimas, se convence a sí mismo de que es parte de la vida de las mujeres. Mientras tanto, Hotch se cuestiona su futuro en la UAC y su compromiso con su hijo Jack.",Mentes criminales: The Slave of Duty,2009,7.7,2092,1,0,0,0,0,0,1,0,0
102,5,102,11,Félix Alcalá,Erica Messer,"Morgan y Prentiss siguen a Dale Schraeder, un ladrón de bancos recientemente liberado, ahora buscado por asesinato y el secuestro de su propia hija.",Mentes criminales: Retaliation,2009,7.3,2065,0,0,0,0,1,0,0,0,0
103,5,103,12,Anna J. Foerster,Breen Frazier,"La UAC realiza el seguimiento de una mujer enferma mental, que crea una colección de muñecas en la vida real secuestrando mujeres y manteniéndolas en un estado de parálisis consciente hasta que mueren por las drogas que les administra y las remplaza por otras mujeres.",Mentes criminales: The Uncanny Valley,2010,8.4,3278,1,0,0,0,0,0,0,0,0
104,5,104,13,Rob Spera,Jim Clemente,"La UAC es llamada para ayudar a las autoridades locales en un pequeño pueblo de Wyoming, donde unos jóvenes son encontrados muertos, en lo que aparentan ser suicidios relacionados con el Internet.",Mentes criminales: Risky Business,2010,7.7,2896,0,0,0,0,0,0,0,0,0
105,5,105,14,Charles S. Carroll,Oanh Ly,"El equipo perfila a un estafador en Miami quien, motivado por la inestabilidad mental, asesina a personas involucradas en sus estafas.",Mentes criminales: Parasite,2010,7.4,2032,0,0,0,0,1,0,0,0,0
106,5,106,15,Nelson McCormick,Jess Prenter Prosser,"La UAC perfila a una asesino en serie en Providence, Rhode Island, quien mata a personas en lugares públicos, esperando causar un temor generalizado.",Mentes criminales: Public Enemy,2010,7.6,1993,0,0,0,0,1,0,0,0,0
107,5,107,16,Matthew Gray Gubler,Erica Messer & Simon Mirren,La UAC perfila a un secuestrador de niños que probablemente ha estado secuestrando a menores más de una década.,Mentes criminales: Mosley Lane,2010,8.9,4177,0,0,0,1,0,0,0,0,0
108,5,108,17,Rob Hardy,Kimberley Ann Harrison & Ryan Gibson,"La UAC perfila a un camionero, quien asesina a mujeres en búsqueda de una madre para su hija.",Mentes criminales: Solitary Man,2010,7.5,1962,1,0,0,0,1,0,0,0,0
109,5,109,18,Richard Shepard,Historia por: Edward Allen Bernero & Chris MundyGuion por: Chris Mundy,"La UAC se traslada a San Francisco, para investigar una extraña serie de asesinatos en los últimos dos años, entre los cuales están involucrados indigentes por un lado, y padres e hijas por otro. En este caso, la UAC recibirá la ayuda del equipo de Sam Cooper. (Mentes criminales: conducta sospechosa).",Mentes criminales: The Fight,2010,7.3,2312,0,0,0,0,1,0,0,0,0
110,5,110,19,John E. Gallagher,Victor De Jesus,"El equipo viaja a Terlingua, Texas, para investigar la aparición de un asesino en serie que tiene como objetivo a los inmigrantes ilegales.",Mentes criminales: Rite of Passage,2010,7.3,2150,0,0,0,0,1,0,0,0,0
111,5,111,20,Rosemary Rodríguez,Edward Allen Bernero,"La UAC viaja a Tallahassee para el perfil de un asesino en serie que se suicidó, pero que deja pistas sobre la ubicación de una de las víctimas que está, posiblemente, aún con vida.",Mentes criminales: ...A Thousand Words,2010,7.9,2514,0,0,0,0,1,0,1,0,0
112,5,112,21,Charles S. Carroll,Rick Dunkle,"En este episodio el equipo viaja a la lejana Alaska, al pueblo de Franklin, para investigar a un asesino en serie que mata a los residentes que en breve tiempo iban a abandonar el pueblo.",Mentes criminales: Exit Wounds,2010,7.6,2804,0,0,0,0,1,0,0,0,0
113,5,113,22,Glenn Kershaw,Breen Frazier,En este episodio la UAC viaja a Idaho para el perfil de un asesino en serie que utiliza Internet para encontrar a sus víctimas mediante las redes sociales.,Mentes criminales: The Internet Is Forever,2010,7.7,2368,0,0,0,0,1,0,1,0,0
114,5,114,23,Edward Allen Bernero,Jeff Davis,"En este episodio la UAC se enfrenta a uno de sus casos más difíciles cuando un prolífico asesino en serie, que ha estado masacrando víctimas por todo el país, llega a Los Ángeles y asesina a sus víctimas en el campo más impredecible: la oscuridad. Su principal objetivo es el detective Spicer, cuyos padres fueron las primeras víctimas del asesino.",Mentes criminales: Our Darkest Hour,2010,8,2293,0,0,0,0,1,0,1,0,0
115,6,115,1,Edward Allen Bernero,Edward Allen Bernero,"Después de que Morgan y el detective Mateo Spicer fueran emboscados, la UAC continúa su búsqueda de El príncipe de la Oscuridad, para recuperar a la hija de Spicer y detener su matanza de una vez por todas.",Mentes criminales: The Longest Night,2010,8,2471,0,0,0,0,0,0,0,0,0
116,6,116,2,Charles S. Carroll,Erica Messer,"Cuando JJ intenta reunir a una familia cuya hija ha desaparecido misteriosamente, recibe una nueva oferta de trabajo que no puede ignorar. La UAC se prepara para la pérdida de uno de los suyos.",Mentes criminales: JJ,2010,8.1,2567,0,0,0,0,0,0,0,0,1
117,6,117,3,Glen Kershaw,Janine Sherman Barrois,"Cuando varias mujeres en Bristol, Virginia, son encontradas muertas de una manera similar, Rossi vuelve a abrir un caso sin resolver que le ha perseguido durante veinticinco años porque él cree que el asesino original, que sufre Alzheimer, podría haber vuelto.",Mentes criminales: Remembrance of Things Past,2010,7.7,2080,1,0,0,0,1,0,0,0,0
118,6,118,4,Guy Norman Bee,Breen Frazier,"La UAC está tras la pista de un asesino en serie de parejas casadas. Además, Hotch busca a alguien que ocupe el lugar de JJ.",Mentes criminales: Compromising Positions,2010,7.4,2739,0,0,0,0,1,0,0,0,0
119,6,119,5,Andy Wolk,Alicia Kirk,"La UAC persigue a un asesino en serie que mata familias en todo el Medio Oeste. Mientras tanto, Morgan se preocupa cuando Ellie se escapa de su familia de acogida y le hace una visita en la UAC.",Mentes criminales: Safe Haven,2010,7.7,2157,0,0,0,0,1,0,0,0,1
120,6,120,6,Charles Haid,Randy Huggins,"La UAC debe encontrar a un asesino que ha atacado a Detroit en los últimos tres años solo durante la celebración ruidosa previa a Halloween, «La noche del diablo».",Mentes criminales: Devil's Night,2010,7.2,2112,0,0,0,0,1,0,0,0,0
121,6,121,7,Rob Spera,Rick Dunkle,"Cuando cuerpos empiezan a aparecer en los maizales de Indiana, la UAC debe atrapar a un grupo de asesinos en serie cuyas víctimas son bailarinas exóticas.",Mentes criminales: Middle Man,2010,7.6,2795,0,0,0,0,1,1,1,0,0
122,6,122,8,Anna Foerster,Simon Mirren,"Cuando una mujer secuestrada es encontrada muerta en un callejón en Georgetown, la UAC va a la caza del asesino antes de que pueda atacar de nuevo.",Mentes criminales: Reflection of Desire,2010,7.7,2982,1,0,0,0,1,0,0,0,0
123,6,123,9,Glenn Kershaw,Kimberly Ann Harrison,"La UAC es llamada para capturar a un asesino cuyas víctimas son niños, después de que un niño de ocho años fue encontrado muerto en los montes Apalaches.",Mentes criminales: Into the Woods,2010,7.7,2243,0,0,0,1,1,0,1,0,0
124,6,124,10,Jan Eliasberg,Edward Allen Bernero,"La UAC busca a un asesino en serie de tres mujeres en una zona residencial de Nuevo México. Mientras tanto, Hotch acude a una cadete del FBI cuyo pasado puede ayudar en la investigación.",Mentes criminales: What Happens at Home...,2010,7.6,2090,1,0,0,0,1,0,0,0,0
125,6,125,11,Charles S. Carroll,Erica Messer,"Transcurrido un año de la muerte de Haley, Hotch decide tomarse un tiempo para el y su hijo. Mientras tanto Morgan declara que un hombre debe ser puesto en libertad condicional, pero se arrepiente de su decisión cuando, pocos días después, el hombre mata a alguien. Las cosas resultan no ser tan fáciles.",Mentes criminales: 25 to Life,2010,7.8,2077,0,1,0,0,0,0,0,0,0
126,6,126,12,John Gallagher,Katarina Wittich,"La UAC viaja a Miami para investigar una serie de asesinatos con rituales extraños. En el transcurso del viaje, Reid sufre una serie de dolores de cabeza, alucinaciones y ceguera que dejan a él y al equipo preocupados por su estado de salud.",Mentes criminales: Corazon,2011,7.5,2869,0,0,0,0,1,0,0,0,0
127,6,127,13,Doug Aarniokoski,Janine Sherman Barrois,"Mientras que la UAC sale a la carretera para localizar a un par de jóvenes amantes en una serie de asesinatos interestatal, Prentiss oye noticias aterradoras de su exjefe de la Interpol, este episodio es un claro homenaje a la película Natural Born Killers (1994) de Oliver Stone.",Mentes criminales: The Thirteenth Step,2011,7.5,2279,0,0,0,0,1,0,0,0,0
128,6,128,14,Rob Spera,Randy Huggins,"La UAC regresa nuevamente a Los Ángeles para localizar a un sujeto que realiza extraños experimentos con mujeres. Mientras tanto, más del pasado de Emily Prentiss es revelado.",Mentes criminales: Sense Memory,2011,7.3,2035,1,0,0,0,0,0,0,0,0
129,6,129,15,Ali Selim,Alicia Kirk,"La UAC viaja a Nueva York a investigar la extraña desaparición de Molly Grandin, que tiene relación con otra acaecida cuatro meses atrás. Por otro lado, Prentiss sigue recibiendo noticias de sus colegas de la Interpol.",Mentes criminales: Today I Do,2011,7.2,2168,0,0,0,0,0,0,0,0,0
130,6,130,16,Rob Hardy,Rick Dunkle,"Una pareja es secuestrada, y el único testigo es un niño autista. Reid logra una conexión especial con el niño, necesaria para resolver ese caso. Mientras, Emily se enfrenta cara a cara con su pasado, quien le pone todo claro: si habla, tendrá al equipo en la mira, si calla, irá solo por su verdadero objetivo: la vida de Emily.",Mentes criminales: Coda,2011,8.1,3016,0,0,0,1,0,0,0,0,0
131,6,131,17,Charles S. Carroll,Simon Mirren & Erica Messer,"La UAC investiga una serie de asesinatos relacionados con un mismo hombre: Ian Doyle, el exjefe y enemigo de Emily. Mientras ella, aterrorizada, teme por la vida de sus amigos, toma una difícil decisión, que la llevará a alejarse de ellos y enfrentar a su enemigo sola.",Mentes criminales: Valhalla,2011,8,2199,0,1,0,0,1,0,0,0,0
132,6,132,18,Matthew Gray Gubler,Breen Frazier,Prentiss está lista para enfrentarse a Ian Doyle de una vez por todas. La UAC le piden ayuda a «J.J.» para encontrar a Prentiss y capturar a Doyle antes de que sea demasiado tarde.,Mentes criminales: Lauren,2011,8.7,3191,0,0,0,0,0,0,0,0,0
133,6,133,19,Anna Foerster,Janine Sherman Barrios,"Cuando una banda de presuntos asesinos comienza a cobrarse una nueva víctima cada noche, la UAC viaja a Portland para capturarlos antes de que puedan atacar de nuevo. En medio de todo esto, Reid habla con Morgan sobre sus miedos a sufrir esquizofrenia como su madre.",Mentes criminales: With Friends Like These,2011,7.5,2712,0,0,0,0,1,0,1,0,0
134,6,134,20,Jesse Warn,Alicia Kirk & Randy Huggins,"El Equipo viaja a Tampa, Florida, por una serie de asesinatos selectivos perpetuados por una mujer. En medio de la crisis, cada miembro del equipo habla con Hotch sobre lo que ha significado la pérdida de Emily para ellos.",Mentes criminales: Hanley Waters,2011,7.5,1957,1,0,0,0,1,0,0,0,0
135,6,135,21,Nelson McCormick,Kimberly Ann Harrison & Rick Dunkle,"Mientras el equipo caza a un acosador en San Diego que está matando a los estudiantes universitarios, están bajo el escrutinio de Strauss, a raíz de la pérdida de Prentiss.",Mentes criminales: The Stranger,2011,7.3,1781,0,0,0,0,0,0,0,0,0
136,6,136,22,Doug Aarniokoski,Roger Hedden,"Una mujer es gravemente herida y otra desaparece en una ciudad turística de Carolina del Norte. El equipo es llamado a investigar, pero descubren que estas no son las únicas víctimas.",Mentes criminales: Out of the Light,2011,7.4,1818,1,0,0,0,0,0,1,0,0
137,6,137,23,Glenn Kershaw,Jim Clemente & Breen Frazier,"Un asesino en serie en Florida está enterrando cadáveres en el fondo del océano frente a las costas de Jacksonville, y el caso se vuelve personal para Morgan, cuando su tía cree que su hija desaparecida podría ser una de las víctimas.",Mentes criminales: Big Sea,2011,7.3,1952,0,0,0,0,1,0,1,0,0
138,6,138,24,Charles S. Carroll,Erica Messer,"El equipo trata de cerrar el caso más difícil que involucra a dos cuerpos y una organización de trata de personas. Además, Hotchner advierte a la UAC de posibles cambios en el equipo, mientras que un miembro regresa de forma inesperada.",Mentes criminales: Supply and Demand,2011,7.7,1933,0,0,0,0,0,1,0,0,0
139,7,139,1,Glenn Kershaw,Erica Messer,"El equipo es cuestionado por un Comité del Senado por las acciones a raíz de la pérdida de Prentiss. Mientras, una cara familiar regresa de forma inesperada para ayudar al equipo con este caso.",Mentes criminales: It Takes a Village,2011,8,2400,0,0,0,0,0,0,0,0,1
140,7,140,2,Karen Gaviola,Janine Sherman Barrois,"La UAC es llamada a Oklahoma cuando unas mujeres están siendo asesinadas, después de ser torturadas con ácido sulfúrico. Mientras tanto, Reid trata con indiferencia a JJ y Prentiss, mientras trata de lidiar con su decepción con respecto a la muerte falsa de Emily.",Mentes criminales: Proof,2011,7.9,2218,1,0,0,0,1,0,0,0,0
141,7,141,3,Félix Alcalá,Sharon Lee Watson,"La UAC investiga un asesinato masivo en una empresa de seguridad de Internet en las cercanías de Charlottesville, pero las pistas revelan que no es un asesino en serie normal. Mientras tanto, Prentiss debe completar su entrenamiento de recertificación bajo la atenta mirada de Morgan.",Mentes criminales: Dorado Falls,2011,7.7,2234,0,0,0,0,1,0,0,0,0
142,7,142,4,Larry Teng,Breen Frazier,"Los supervivientes de la masacre de secundaria en Boise, que se produjo en octubre de 2001, vuelven para recordar el evento 10 años después, pero llaman a la UAC cuando un nuevo asesino con un estilo similar fija como objetivos a los supervivientes. Además, Hotch está preocupado porque su hijo, Jack, puede ser víctima del acoso escolar, mientras que Morgan y Reid intercambian bromas.",Mentes criminales: Painless,2011,7.8,2556,0,0,0,0,1,0,1,0,0
143,7,143,5,Anna J. Foerster,Bruce Zimmerman,"La UAC investiga los secuestros de niños cuyas madres presentan diversos problemas en San Luis, Misuri. Por otra parte, Rossi se reencuentra con su primera mujer, que tiene impactantes noticias para él.",Mentes criminales: From Childhood's Hour,2011,7.4,1966,1,0,0,1,0,0,0,0,0
144,7,144,6,Guy Ferland,Rick Dunkle,"El equipo viaja a California, donde en un bosque se han encontrado cuerpos ahogados. Mientras tanto, Rossi tiene que tomar una dura decisión con respecto a su exesposa.",Mentes criminales: Epilogue,2011,7.4,2036,0,0,0,0,0,1,0,0,0
145,7,145,7,Rob Spera,Virgil Williams,"En Kansas ha habido una serie de tornados donde han sido encontrados cuerpos de adolescentes desmembrados. La UAC es llamada para investigar. Mientras, JJ está preocupada, ya que su hijo Henry había estado enfermo y quería estar con él.",Mentes criminales: There's No Place Like Home,2011,7.2,2095,0,0,1,0,0,1,0,0,0
146,7,146,8,Michael Watkins,Kimberly Ann Harrison,"Un caso se vuelve personal para García cuando la UAC investiga la desaparición de una mujer, en su grupo de apoyo a sobrevivientes, cuya hija desapareció hace siete años.",Mentes criminales: Hope,2011,7.7,2728,1,0,0,0,0,0,0,0,0
147,7,147,9,Charlie Haid,Erica Messer,"Cuando un pequeño grupo de jóvenes de la academia militar comete un suicidio en masa, la UAC tiene que ver las verdaderas razones detrás de sus actos. Por otra parte, Hotch y Morgan discuten mientras un miembro del equipo puede estar en peligro, se hace evidente el alcoholismo de la directora Strauss en este episodio.",Mentes criminales: Self-Fulfilling Prophecy,2011,7.7,1911,0,0,0,0,0,0,0,0,0
148,7,148,10,Rob Hardy,Janine Sherman Barrois,"La UAC investiga una serie de brutales asesinatos en Filadelfia, lo que los lleva hasta un escenario donde se practica boxeo en busca del asesino. Por otra parte, Hotch conoce a una atractiva atletista, ya que ambos están entrenando para un triatlón.",Mentes criminales: The Bittersweet Science,2011,7.2,1968,0,0,0,0,1,0,0,0,0
149,7,149,11,Glenn Kershaw,Sharon Lee Watson,"El equipo viaja a San Francisco cuando una serie de asesinatos lleva a creer que El asesino del Zodíaco podría haber regresado. Mientras tanto, Reid reflexiona si podría hacer algo más con sus habilidades de genio.",Mentes criminales: True Genius,2012,8.4,3046,0,0,0,0,1,0,0,0,0
150,7,150,12,Michael Lange,Breen Frazier,"El equipo es llamado para buscar a un violador en serie de Houston conocido como El Hombre Del Piano, que ha vuelto y está atacando a sus víctimas anteriores. Por otra parte, Prentiss comienza un tratamiento por la experiencia traumática causada por Ian Doyle.",Mentes criminales: Unknown Subject,2012,8,2068,0,1,0,0,0,0,1,0,0
151,7,151,13,Doug Aarniokoski,Bruce Zimmerman,"Los agentes de la UAC prueban su suerte en Atlantic City, cuando el equipo es llamado para investigar una serie de asesinatos ritualistas relacionados con el casino. Mientras tanto, después de una pelea con su novio Kevin, García piensa que podría haber pasado algo con Morgan.",Mentes criminales: Snake Eyes,2012,7.3,2661,0,0,0,0,1,0,0,0,0
152,7,152,14,Jesse Warn,Rick Dunkle,"El equipo se dirige a las playas de California tras la aparición de varios cadáveres en torres de salvamento en la costa. Deberán averiguar que tienen los cuerpos en común y quién ha podido hacerlo. Por otro lado, Hotch invita a Beth a salir.",Mentes criminales: Closing Time,2012,7.2,1901,0,0,0,0,0,1,0,0,0
153,7,153,15,Michael Watkins,Virgil Williams,"La UAC investiga una serie de brutales robos y asesinatos en hogares de Inland Empire, en California. Al parecer, se trata de ataques relacionados con bandas callejeras, pero la investigación pronto arroja una motivación aún más siniestra.",Mentes criminales: A Thin Line,2012,7.3,1934,0,0,0,0,1,0,0,0,0
154,7,154,16,Rob Spera,Kimberly Ann Harrison,"El equipo viaja a Atlanta para investigar el asesinato de una mujer, descubriendo que el criminal no trabaja solo.",Mentes criminales: A Family Affair,2012,7.5,1971,1,0,0,0,1,0,0,0,0
155,7,155,17,John Terlesky,Janine Sherman Barrois,"Varias parejas que están en proceso de adoptar niños en Seattle empiezan a ser asesinadas. La UAC busca a un criminal que tiene un perfil muy pronunciado de instinto maternal, aunque asesino. Por otro lado, García tiene miedo de hablar con Kevin.","Mentes criminales: I Love You, Tommy Brown",2012,7.3,2650,0,0,0,1,1,0,0,0,0
156,7,156,18,Dermott Downs,Jim Clemente,"Un niño hispano aparece en medio del desierto con profundas cargas psicológicas al haber sido capturado y torturado por un psicópata. Debido al infierno sometido no puede articular palabra, pero él es el único que puede dar una pista para salvar a otro niño que ha desaparecido recientemente.",Mentes criminales: Foundation,2012,7.9,2021,0,0,0,1,0,0,0,0,0
157,7,157,19,Matthew Gray Gubler,Sharon Lee Watson,"Cuando una mujer en Oregón es encontrada muerta en un asilo, la UAC se da cuenta de que la víctima es parte de una serie de asesinatos rituales góticos y que el asesino podría ser satanista.",Mentes criminales: Heathridge Manor,2012,8,3000,1,0,0,0,1,0,1,0,0
158,7,158,20,Nelson McCormick,Breen Frazier,"La hermana de Morgan ve a una muchacha que se parece a su prima supuestamente muerta. Morgan tiene que confesar a su familia la mentira que él dijo, y el UAC vuelve a abrir el caso.",Mentes criminales: The Company,2012,8.2,2069,0,0,0,0,0,0,0,0,1
159,7,159,21,Doug Aarniokoski,Bruce Zimmerman,"Después de un asesino en serie es ejecutado en Oklahoma, un imitador aparece y los agentes del FBI son llamados para encontrarlo. Al mismo tiempo, Prentiss se pone nerviosa pensando en una importante compra inmobiliaria.",Mentes criminales: Divining Rod,2012,7.4,1912,0,0,0,0,1,0,0,0,0
160,7,160,22,Félix Alcalá,Virgil Williams,"La UAC presenta uno de los casos más longevos de un asesino en serie a unos estudiantes universitarios, y llevan la clase a través de los veinte años en los que persiguieron al asesino.",Mentes criminales: Profiling 101,2012,8.1,2060,0,0,0,0,1,0,0,0,0
161,7,161,23,Michael Lange,Rick Dunkle,"Cuando una banda de ladrones de bancos inicia su último robo en un banco de Washington D. C., la UAC intenta negociar los rehenes con los ladrones, pero las apuestas comienzan a elevarse cuando uno de los suyos se convierte en rehén.",Mentes criminales: Hit,2012,8.4,2420,0,0,0,0,0,0,0,0,0
162,7,162,24,Connor Norton,Erica Messer,"Mientras la UAC continua persiguiendo a los ladrones, el equipo determina que los sospechosos tienen un objetivo más grande en D.C., y con uno del equipo como rehén, tienen que trabajar rápidamente para desactivar una situación explosiva. Además, campanas de boda suenan para JJ, Strauss agradece a Morgan su ayuda y Prentiss toma una decisión sobre su futuro.",Mentes criminales: Run,2012,8.5,2468,0,0,0,0,0,0,0,0,0
163,8,163,1,Glenn Kershaw,Erica Messer,"Cuando un prisionero de Texas se escapa durante un traslado, dejando a sus víctimas con una marca única, coser sus bocas, la UAC sospecha de «El silenciador». Mientras investigan quién era y en qué se ha convertido, el equipo se prepara para conocer a un nuevo miembro.",Mentes criminales: The Silencer,2012,7.4,2017,0,0,0,0,0,0,1,0,0
164,8,164,2,Karen Gaviola,Janine Sherman Barrois,"Cuando los cuerpos de dos víctimas sin aparente relación se encuentran a pocas horas de diferencia en San Diego y Los Ángeles respectivamente, la UAC sospecha de que no uno, sino dos asesinos están trabajando juntos para cometer estos asesinatos.",Mentes criminales: The Pact,2012,7.4,1960,0,0,0,0,1,1,1,0,0
165,8,165,3,Dermott Downs,Sharon Lee Watson,"La UAC trabaja a contratiempo para encontrar un vínculo entre una familia asesinada en Kansas y una que ha desaparecido antes de que el secuestrador la mate también. Mientras tanto, Hotch recibe sorprendentes noticias de Beth.",Mentes criminales: Through the Looking Glass,2012,7.5,1847,0,0,0,0,1,0,0,0,1
166,8,166,4,Larry Teng,Breen Frazier,"Después de que un cuerpo sin piernas se encuentre en el desierto de Nuevo México y una víctima con vida (Arjay Smith) aparezca en un hospital con lesiones similares, la UAC se prepara para buscar a un astuto cirujano (Ray Wise) que realiza amputaciones innecesarias. Mientras, el equipo está preocupado por las llamadas de Reid a una misteriosa mujer (Beth Riesgraf).",Mentes criminales: God Complex,2012,7.7,2682,1,0,0,0,0,1,1,0,0
167,8,167,5,John Terlesky,Bruce Zimmerman,"Cuando cuatro hombres desaparecen en zonas rurales de Oregón, la UAC busca un vínculo común entre ellos con el fin de localizarlos. Además, JJ se preocupa cuando su hijo Henry le dice que no quiere celebrar Halloween este año.",Mentes criminales: The Good Earth,2012,7.4,2409,0,1,0,0,0,0,0,0,0
168,8,168,6,Rob Bailey,Virgil Williams,"Cuando varias prostitutas en Miami aparecen asesinadas con un estilo similar al de animales muertos encontrados allí, la UAC debe trabajar con rapidez para encontrar a un sujeto cuya confianza aumenta rápidamente. Además, Morgan intenta aumentar las habilidades atléticas de Reid y le convence para unirse al equipo de softball del FBI. De regreso a Virginia, Hotch recibe la noticia de que ha aparecido en Dallas un hombre con la boca cosida, lo que les lleva a pensar en un imitador de El silenciador.",Mentes criminales: The Apprenticeship,2012,7.6,2120,0,1,0,0,1,0,0,0,0
169,8,169,7,Doug Aarniokoski,Historia por: Rick Dunkle & Danny RammGuion por: Rick Dunkle,"La UAC viaja a Santa Mónica cuando cuerpos quemados de indigentes comienzan a aparecer en el famoso muelle. Además, Rossi se reencuentra con su sargento del Cuerpo de Marina de Vietnam.",Mentes criminales: The Fallen,2012,7.7,1860,0,0,0,0,0,1,0,0,0
170,8,170,8,Rob Hardy,Kimberly Ann Harrison,"La UAC va en busca de un autobús escolar desaparecido lleno de niños de secundaria fuera del área de Washington D. C., y se convierte en una carrera a contratiempo para que puedan llegar a casa con seguridad.",Mentes criminales: The Wheels on the Bus...,2012,7.3,2720,0,0,0,1,0,0,0,0,0
171,8,171,9,John Kretchmer,Sharon Lee Watson,"Cuando un participante en una conferencia es asesinado, la UAC centra sus sospechas en el locutor como principal sospechoso, pero tienen que redirigir su investigación cuando este desaparece. Asimismo, García se sorprende cuando Morgan rechaza asistir a una cena en honor a un viejo amigo de la familia.",Mentes criminales: Magnificent Light,2012,7.1,2364,0,0,0,0,1,0,0,0,1
172,8,172,10,Matthew Gray Gubler,Janine Sherman Barrois,"La UAC viaja a Arizona para investigar la aparición de una serie de cuerpos masculinos que han sido dispuestos de forma extraña, buscando a un asesino con tendencias ritualistas. Además, Reid se pone ansioso cuando afronta la posibilidad de conocer a su mujer misteriosa.",Mentes criminales: The Lesson,2012,8.2,2987,1,0,0,0,1,1,0,0,0
173,8,173,11,Michael Lange,Bruce Zimmerman,"La UAC se dirige al sur para investigar a un veloz asesino cuya firma coincide con la de un asesino en serie de hace treinta años. Además, el equipo se entera de que alguien les está siguiendo e imitando los crímenes que ellos ya han resuelto.",Mentes criminales: Perennials,2012,7.3,1921,0,0,0,0,1,0,0,0,0
174,8,174,12,Jesse Warn,Breen Frazier,"Cuando Reid descubre que su novia ha sido secuestrada por su acosador, él y la UAC trabajan juntos para encontrarla antes de que sea demasiado tarde.",Mentes criminales: Zugzwang,2013,8.6,3475,0,0,0,0,0,0,0,0,0
175,8,175,13,Glenn Kershaw,Jason Bernero,"Mientras Reid hace frente a la pérdida de Maeve, el resto de la UAC viaja a San Francisco para investigar las víctimas descubiertas completamente desangradas, en el Distrito de la Misión.",Mentes criminales: Magnum Opus,2013,7.7,2609,0,0,0,0,0,0,1,0,0
176,8,176,14,Thomas Gibson,Erica Messer,"Cuando las hijas de Bruce Morrison, un escritor cuya esposa desapareció misteriosamente hace un año, desaparecen en el aniversario de la desaparición de su madre, la UAC se ve obligada a estudiar a Morrison como posible sospechoso.",Mentes criminales: All That Remains,2013,7.9,1903,0,0,0,0,0,0,0,0,0
177,8,177,15,Larry Teng,Rick Dunkle,"La UAC viaja a Austin para investigar a las víctimas cuyos relojes marcan una hora inexacta, una pista que puede conectar los crímenes. Mientras tanto, el sujeto que los espía, se acerca cada vez más.",Mentes criminales: Broken,2013,7.6,1965,0,0,0,0,0,0,1,0,0
178,8,178,16,Rob Hardy,Virgil Williams,"Cuando son encontradas víctimas, en Filadelfia, con un estilo similar al de las víctimas de El imitador (el acosador que ha estado siguiendo cada movimiento de la UAC); el equipo cree que este puede ser el momento que necesitan para tratar de detenerlo.",Mentes criminales: Carbon Copy,2013,7.8,1857,0,0,0,0,0,0,1,0,0
179,8,179,17,Michael Lange,Kimberly Ann Harrison,"La UAC investiga a víctimas que estaban documentando sus vidas personales y deseos interiores en blogs y medios sociales. Además, Kevin se pone celoso cuando se entera de que García podría tener un nuevo amor.",Mentes criminales: The Gathering,2013,7.3,2362,0,0,0,0,0,0,1,0,0
180,8,180,18,Félix Alcalá,Jim Clemente & Janine Sherman Barrois,"La UAC va al antiguo barrio de Morgan en el área urbana de Chicago, en busca de un sujeto cuyos objetivos son hombres de mediana edad, y una pista lleva a Morgan a creer que están detrás de alguien relacionado con el hombre que abusó de él cuando era niño.",Mentes criminales: Restoration,2013,7.7,1923,0,1,0,1,0,0,0,0,0
181,8,181,19,John Terlesky,Bruce Zimmerman,"Cuando una cápsula del tiempo se abre en un pequeño pueblo de Colorado veinticinco años más tarde y se revela un macabro hallazgo, la UAC investiga el crimen y una posible relación con la muerte de un agente de la policía local.",Mentes criminales: Pay It Forward,2013,7.4,1920,0,0,0,0,0,0,0,0,0
182,8,182,20,Matthew Gray Gubler,Sharon Lee Watson,"La UAC viaja a Rapid City después de que dos víctimas masculinas fueran asesinadas de una manera ritualista. Además, Reid sigue lamentándose por la muerte de Maeve.",Mentes criminales: Alchemy,2013,7.6,2564,0,0,0,0,1,0,1,0,0
183,8,183,21,Doug Aarniokoski,Virgil Williams,"La UAC viaja a Los Ángeles en busca de un sujeto desconocido que está secuestrando niñeras y a los niños que atienden, en el mismo día cada año.",Mentes criminales: Nanny Dearest,2013,7.7,2249,0,0,0,1,0,0,0,0,0
184,8,184,22,Karen Gaviola,Breen Frazier,"Antes del que equipe se ocupe de su próximo caso, Blake recibe la visita sorpresa de su marido, que vuelve antes de tiempo de su andadura como médico sin fronteras. Más tarde viajarán a Detroit donde dos parejas han sido brutalmente asesinadas en sus vehículos.",Mentes criminales: #6,2013,7.4,2001,0,0,0,0,1,0,0,0,0
185,8,185,23,Rob Bailey,Rick Dunkle,"La UAC es llamada para investigar una serie de muertes en Manhattan, relacionadas con una sobredosis de éxtasis, y Hotch descubre que su hermano, Sean, está en el medio de esta trama.",Mentes criminales: Brothers Hotchner,2013,7.7,1848,0,0,0,0,0,0,0,0,0
186,8,186,24,Glen Kershaw,Erica Messer,"La UAC es hackeada por su acosador, mientras tanto «El imitador» obliga a beber y droga a la directora Strauss, quien muere en el acto. En la investigación la UAC descubre que «El imitador» es un agente del FBI y que trabaja en el Departamento de Justicia llamado Jhon Curtis y busca venganza por haber sido removido a Kansas después de trabajar el caso de Amerithrax junto a Alex Blake.",Mentes criminales: The Replicator,2013,8.2,2216,0,0,0,0,0,0,0,0,0
187,9,187,1,Glenn Kershaw,Erica Messer,"La UAC viaja a Arizona a investigar una serie de crímenes ocurridos a mujeres las cuales las encuentran siempre en la misma posición y con restos humanos en su estómago, el final es desconcertante. Dentro del equipo también se vive incertidumbre porque Hotcher es considerado para el reemplazo de Strauss, quien murió en la temporada pasada.",Mentes criminales: The Inspiration,2013,7.4,2091,1,0,0,0,0,0,0,0,0
188,9,188,2,Karen Gaviola,Janine Sherman Barrois,"La UAC sigue en Arizona investigando acerca de la vida familiar del sospechoso el cual tenía un gemelo idéntico pero la madre nunca se lo dijo a la policía, al final muere uno de los gemelos, y tanto la madre como el que quedó vivo fueron arrestados.",Mentes criminales: The Inspired,2013,7.5,2021,0,0,0,0,0,0,0,0,1
189,9,189,3,Dermott Downs,Sharon Lee Watson,"Cuando un francotirador dispara en Dallas, la UAC investiga si el próximo aniversario del asesinato de Kennedy es un factor de motivación, pero descubrirán que en realidad va a matar la mujer de quien lo contrató.",Mentes criminales: Final Shot,2013,7.7,1891,1,0,0,0,1,0,0,0,0
190,9,190,4,Larry Teng,Breen Frazier,"Mientras la UAC conoce a su nuevo jefe Mateo Cruz, quien también es un antiguo conocido de JJ, deben investigar en Baltimore a un ignoto que ha dejado a una víctima sin habla y con una minicámara en un ojo, y deben salvar a la próxima víctima.",Mentes criminales: To Bear Witness,2013,7.5,2054,0,0,0,0,0,0,1,0,0
191,9,191,5,Douglas Aarniokoski,Virgil Williams,"Durante la sesión inicial del UAC para su último caso, Hotch es llevado al hospital por complicaciones derivadas de su casi fatal apuñalamiento de George Foyet «The Reaper». El resto del equipo vuela a Wichita, Kansas para trabajar en el caso de Samantha Wilcox que fue secuestrada por su padre, el exconvicto Eddie Lee Wilcox. De vuelta en el hospital, Hotch está en cirugía, tiempo durante el cual se encuentra con Haley y Foyet juntos en sus pensamientos, que puede determinar su destino en la mesa de operaciones.",Mentes criminales: Route 66,2013,7.7,2014,0,0,0,0,0,0,0,0,0
192,9,192,6,Michael Lange,Bruce Zimmerman,"La UAC es llamada a Utah para investigar el asesinato de una mujer que murió al ser sepultada bajo las piedras. Mientras tanto, Penelope planea la fiesta del Día de los Muertos.",Mentes criminales: In the Blood,2013,7.4,1899,1,0,0,0,1,0,0,0,0
193,9,193,7,Matthew Gray Gubler,Rick Dunkle,"Aunque Rossi está triste porque su bar favorito se está cerrando, el equipo va a Boston para resolver una serie de estrangulaciones.",Mentes criminales: Gatekeeper,2013,7.8,2586,0,0,0,0,0,0,0,0,0
194,9,194,8,John Terlesky,Kimbely Ann Harrison,"Cuando los adolescentes que fueron reportados como desaparecidos son sospechosos de una serie de asesinatos en masa en Chicago, la UAC investiga su paradero para encontrar el motivo de los crímenes. Además, Morgan tiene sentimientos encontrados cuando su novia se toma tan en serio su trabajo en un hospital.",Mentes criminales: The Return,2013,7.4,1885,0,0,1,0,1,0,0,0,0
195,9,195,9,Constantine Makris,Janine Sherman Barrois,"Cuando unos esqueletos se encuentran en una casa de Virginia, la UAC centra su investigación en la familia que vive allí, y sacarán a la luz los secretos de la familia.",Mentes criminales: Strange Fruit,2013,7.8,2058,0,0,0,0,0,0,0,0,1
196,9,196,10,Rob Bailey,Sharon Lee Watson,"Cuando un niño desaparece de su casa en St. Louis, la UAC investiga un caso sin resolver semejante, en el que investigaron tanto Rossi como Gideon.",Mentes criminales: The Caller,2013,8.1,2355,0,0,0,1,0,0,0,0,0
197,9,197,11,Glenn Kershaw,Virgil Williams,"Cuando la UAC es llamado a Kansas para investigar una serie de asesinatos, una reunión tensa comienza entre Blake y su padre, un capitán de policía retirado, y su hermano, un detective, y deben trabajar juntos para ayudar a resolver el crimen.",Mentes criminales: Bully,2013,7.5,1785,0,0,0,0,1,0,0,0,0
198,9,198,12,Tawnia Mckiernan,Breen Frazier,"Cuando la UAC va a San José para investigar una serie de asesinatos, García profundiza en su pasado como hacker y se reencuentra con su antiguo amor para ayudar al equipo con el caso.",Mentes criminales: The Black Queen,2014,7.4,2618,0,0,0,0,1,0,0,0,0
199,9,199,13,Joe Mantegna,Bruce Zimmerman,"Mientras que el UAC busca un asesino múltiple suelto en Cleveland, Rossi se preocupa cuando un antiguo sargento de la Marina se pierde y se dirige a Los Ángeles para encontrarlo. Asimismo, el secreto que JJ ha estado ocultando al equipo puede estar poniéndose al día con ella.",Mentes criminales: The Road Home,2014,7.6,1744,0,0,0,0,1,0,0,0,0
200,9,200,14,Larry Teng,Rick Dunkle,"Cuando JJ y su Jefe de Sección Mateo Cruz son secuestrados, la UAC se adentra en la época de JJ en el Departamento de Estado para encontrar pistas sobre su desaparición y descubrir una misión secreta que ahora pone sus vidas en peligro. Cuando el Departamento se niega a dejar a la UAC investigar más a fondo, se dirigen a la única persona que puede obtener la información necesaria: la exagente de UAC Emily Prentiss.",Mentes criminales: 200,2014,8.2,2398,0,0,0,0,0,0,0,0,0
201,9,201,15,Félix Alcalá,Kimberly Ann Harrison,"Cuando la UAC investiga varios asesinatos en la zona de Pittsburgh, el equipo busca un par de sudes que trabajan en equipo. Además, García y Morgan comparten sus planes para el día de San Valentín con sus respectivas parejas.",Mentes criminales: Mr. & Mrs. Anderson,2014,7.4,1743,0,0,0,0,1,0,0,0,0
202,9,202,16,Thomas Gibson,Jim Clemente & Erica Messer,"Cuando una niña de cuatro años de edad, se pierde durante su estancia con un familiar en Misisipi, la UAC descubre algunas verdades sorprendentes como las carreras de equipo para encontrar a la niña y llevarla a un lugar seguro.",Mentes criminales: Gabby,2014,8.1,2120,0,0,0,1,0,0,0,0,1
203,9,203,17,Rob Lieberman,Sharon Lee Watson,"Cuando unos cuerpos ahogados misteriosamente son descubiertos en el desierto de Las Vegas, la UAC trata de averiguar la verdadera causa y el motivo de los asesinatos.",Mentes criminales: Persuasion,2014,7.5,2363,0,0,0,0,1,1,0,0,0
204,9,204,18,Doug Aarniokoski,Virgil Williams,"Cerca de Milwaukee se encuentran tres cuerpos con mordeduras de animales y humanos, lo que llevara al equipo a analizar y encontrar a un sujeto obsesionado con la enfermedad de la rabia. Por otro lado, los agentes Reid y García practican para su prueba de aptitud, sin decirle nada a Morgan.",Mentes criminales: Rabid,2014,7.6,1818,0,0,0,0,0,1,0,0,0
205,9,205,19,Hanelle Culpepper,Janine Sherman Barrois,"A medida que la UAC concluye una investigación sobre apuñalamientos inusuales en el estado de Nueva York, la visita de Morgan a un sobreviviente podría descubrir más preguntas que quedan para que el equipo responda.",Mentes criminales: The Edge of Winter,2014,7.7,1913,0,0,0,0,0,0,0,0,0
206,9,206,20,Matthew Gray Gubler,Breen Frazier,"Cuando los cuerpos de dos víctimas de asesinato se encuentran en una comunidad de West Virginia, la UAC descubre una disputa latente desde hacía tiempo entre dos familias, y se debe investigar cuál de ellos podría ser responsable de la muerte.",Mentes criminales: Blood Relations,2014,7.9,2664,0,0,0,0,1,1,1,0,1
207,9,207,21,Rob Hardy,Ticcona Joy,"Una serie de secuestros dirigidos cerca de Memphis tiene a la UAC en busca de una coincidencia entre las personas desaparecidas y un motivo que les llevará al sospechoso. Mientras tanto, Savannah desahoga su frustración a Morgan acerca de la cantidad de viajes que hace por su trabajo.",Mentes criminales: What Happens in Mecklinburg...,2014,7.4,2013,0,0,0,0,0,0,0,0,0
208,9,208,22,Larry Teng,Bruce Zimmerman,"Se encuentran víctimas de envenenamiento por arsénico en Long Beach, California. La investigación revela que el asesino tiene una fascinación por la mitología griega, basado en amenazas de muerte escritas en cuerpos de las víctimas y otras misteriosas pistas. Mientras tanto, Hotch está preocupado por su participación en el Día de las profesiones de tercer grado de Jack.",Mentes criminales: Fatal,2014,7.4,1974,0,0,0,0,1,1,1,0,0
209,9,209,23,Rob Bailey,"Rick Dunkle, Breen Frazier & Janine Sherman Barrois","Cuando la UAC es llamada a Texas para consultar sobre los asesinatos de prostitutas, la evidencia apunta a los asesinatos de tintes religiosos. Pero a medida que se adentran más en la investigación, el equipo podría poner en riesgo sus vidas.",Mentes criminales: Angels,2014,8.2,2326,0,0,0,0,1,0,0,0,0
210,9,210,24,Glenn Kershaw,Erica Messer,"Cuando la UAC investiga de forma profunda el caso de un asesino serial en el Condado de Briscoe, Texas, que ellos estuvieron investigando con ayuda de Cruz, quien asiste personalmente. Ellos hacen el escalofriante descubrimiento de que las cosas no son como parecen en ese misterioso pueblo y el verdadero sudes (Michael Trucco) está detrás de un plan aún más siniestro. Al adentrarse más en la investigación, la vida de uno de los miembros es puesta en peligro, mientras otro enfrenta un triste secreto del pasado, García arriesga su vida para salvar un agente. Los eventos de este caso provocan que Alex Blake renuncie.",Mentes criminales: Demons,2014,8.7,2810,0,0,0,0,1,0,0,0,0
211,10,211,1,Glenn Kershaw,Erica Messer,"El equipo investiga un caso de asesinato en serie en Bakersfield, California, donde el ignoto hace imposible identificar a las víctimas. El equipo atrapa a un padre casado, quien recoge extremidades humanas y cuya captura conduce a los agente a un espeluznante mundo cibernético de acrotomofilia, ayudando a atrapar al asesino. Mientras tanto, el equipo da la bienvenida a un nuevo miembro, la agente especial Kate Callahan.",Mentes criminales: X,2014,7.7,2201,0,0,0,0,1,0,1,0,0
212,10,212,2,Karen Gaviola,Janine Sherman Barrois,"El equipo es llamado a Seattle para encontrar a un profesor de inglés de un instituto que ha cometido una serie de asesinatos y secuestros debido a abusos durante su infancia. Mientras tanto, el sentimiento de culpa hace que García viaje a Sierra Blanca, Texas, en un intento de hacer las cosas bien con el enfermero a quien disparó para defenderse a ella misma y a Reid cuando intentaba matarles. García se entera de que este hombre está en el corredor de la muerte debido a sus acciones.",Mentes criminales: Burn,2014,7.2,2512,0,1,0,0,1,0,0,0,0
213,10,213,3,Rob Bailey,Sharon Lee Watson,"La tragedia se desarrolla cuando un avión, lleno de pasajeros, choca en un área remota cerca de Durango, Colorado. El equipo es reclutado para investigar y construir un perfil debido a las sospechosas circunstancias del suceso. Pronto se darán cuenta de que alguien, de cualquier forma, tomó el control del avión y cómo se ha hecho antes de que ocurra un caso similar. Este caso resuena mucho en Kate, quien recuerda un incidente trágico, por motivos familiares.",Mentes criminales: A Thousand Suns,2014,7.6,2525,0,0,0,0,0,0,0,0,1
214,10,214,4,Larry Teng,Breen Frazier,"Después de realizar el perturbador descubrimiento en Atlanta del cuerpo de una víctima de asesinato cubierto de marcas de arañazos, al equipo se le pide investigar este y otro asesinato posterior. Finalmente es deducido que esto puede estar conectado con un ignoto delirante con un desorden de piel obsesivo.",Mentes criminales: The Itch,2014,7.3,1956,0,0,0,0,1,1,1,0,0
215,10,215,5,Thomas Gibson,Virgil Williams,"El equipo viaja a San Diego para investigar un misterioso caso en el que es descubierto un chico, que había desaparecido el día de Halloween de un año antes, como otro niño que desaparece ese mismo día. El equipo discierne que deben trabajar con rapidez para evitar que el segundo niño experimente un horrible destino.",Mentes criminales: Boxed In,2014,7.4,2082,0,0,0,1,0,0,0,0,0
216,10,216,6,Bethany Rooney,Bruce Zimmerman,"El equipo es llamado para investigar varios asesinatos de hombres jóvenes en Missoula, Montana; sin embargo, no pueden encontrar ningún patrón entre las víctimas, además de la extraña manera en que fueron asesinados, por lo que es muy difícil para el equipo construir un perfil del sudes. Mientras tanto, JJ se enfrenta a sus sentimientos reprimidos sobre el trágico y prematuro suicidio de su hermana, que ocurrió cuando JJ era una niña pequeña.",Mentes criminales: If the Shoe Fits,2014,7.6,2160,0,1,0,1,1,0,1,0,0
217,10,217,7,Constantine Makris,Rick Dunkle,"Cuando varias personas son encontradas muertas en Bethesda, Maryland, el equipo es reclutado para investigar. Durante la investigación, descubre que cada una de las víctimas tiene una fuerte presencia en línea, acompañado de muchos seguidores, y el sudes está usando Internet para cazar objetivos potenciales. Mientras tanto, Morgan y Savannah se dan cuenta de que sus demandantes trabajos les dificulta pasar suficiente tiempo juntos.",Mentes criminales: Hashtag,2014,7.5,1856,0,0,0,0,0,0,1,0,0
218,10,218,8,Laura Besley,Kimberly Ann Harrison,"El equipo es llamado a Boston para investigar la sospechosa desaparición de un exitoso y muy respetado abogado. A medida que se realiza la investigación, el equipo destapa muchos secretos de su pasado que demuestran una posible causa de la desaparición.",Mentes criminales: The Boys of Sudworth Place,2014,7.5,1860,0,0,0,0,0,0,0,0,0
219,10,219,9,Rob Bailey,Janine Sherman Barrois,"Una cadena aleatoria de asesinatos en Reston, Virginia tiene al equipo buscando un sudes bastante paradójico cuyo deseo de asesinar es incontrolable; a pesar de eso, de cualquier forma, esa persona siente unos extremos remordimientos de sus crímenes. Mientras, Rossi es sorprendido mientras recibe una visita de una mujer que puede guardar un misterioso secreto de su pasado.",Mentes criminales: Fate,2014,7.4,1927,1,0,0,0,1,0,0,0,0
220,10,220,10,Alrick Riley,Sharon Lee Watson,"El equipo es llamado a Salt Lake City para investigar un sospechoso triple asesinato. Durante el curso de la investigación, finalmente descubren que un asesino fugitivo puede estar conectado con el sudes, El equipo finalmente se dan cuenta de que el fugitivo ha estado prófugo desde hace muchos años y, aunque podría tener una conexión con el sospechoso, que también podría ser una cara familiar.",Mentes criminales: Amelia Porter,2014,7.2,2150,0,0,0,0,1,0,0,0,1
221,10,221,11,Tawnia McKiernan,Breen Frazier,"Un perturbador descubrimiento es realizado cuando varios cuerpos congelados son encontrados en algún sitio de Nevada; cuando el equipo es reclutado para investigar, descubren que esas víctimas formaron parte de un culto religioso que piensan que puede ser responsable de las muertes. Mientras tanto, JJ es forzada a afrontar algunas difíciles emociones y demonios asociados con la tortura que sufrió cuando fue secuestrada el año anterior.",Mentes criminales: The Forever People,2015,7.6,2453,0,0,0,0,0,1,1,0,0
222,10,222,12,Joe Mantegna,Historia por: Danny Ramm & Bruce ZimmermanGuion por: Bruce Zimmerman,"El equipo es llamado a Tallahassee, Florida para buscar a un asesino en serie (Ray Abruzzo) que hace llamadas telefónicas a las autoridades para avisar de los asesinatos que el mismo ha cometido. Mientras, cuando Rossi se prepara para la visita de fin de semana de su hija Joy, recibe noticias de la muerte de su mejor amigo y compañero de Vietnam, Harrison Scott (Meshach Taylor).",Mentes criminales: Anonymous,2015,7.5,1924,0,0,0,0,1,0,0,0,0
223,10,223,13,Glenn Kershaw,Kirsten Vangsness y Erica Messer,"El equipo reabre una investigación de un caso sin resolver que envuelve a un asesino que eludió a la justicia desde los años 70, en cuyo caso también trabajaron Rossi y Gideon cuando el equipo aún estaba en sus primeras etapas de desarrollo. Mientras tanto, los agentes tratan de llegar a un acuerdo con el asesinato de uno de los suyos.",Mentes criminales: Nelson's Sparrow,2015,8.1,2580,0,0,0,0,1,0,0,0,0
224,10,224,14,Larry Teng,Rick Dunkle,"Cuando una cafetería en Indianápolis explota en un bombardeo y un hombre que emerge de sus escombros es aclamado como héroe, el equipo pone en custodia a él y a su familia. Mientras, el equipo finalmente deduce que habrá más atentados y deben trabajar contra el reloj para encontrar a la persona o personas responsables y su motivo principal para evitar más víctimas.",Mentes criminales: Hero Worship,2015,7.3,2390,0,1,0,0,0,0,1,0,1
225,10,225,15,Hanelle Culpepper,Kimberly Ann Harrison,"El descubrimiento de víctimas de asesinatos en serie en Diamond Bar, California  dirige a la UAC a la búsqueda de un sujeto desconocido que puede haber sido testigo de un abuso profundo cuando era un niño. Mientras tanto, Kate está muy preocupada cuando su sobrina, Meg, queda con uno de sus amigos para reunirse con un niño a quien conocen solo de internet.",Mentes criminales: Scream,2015,7.3,1855,0,0,0,1,1,0,1,0,0
226,10,226,16,Thomas Gibson,Virgil Williams,"Cuando dos guardias de una prisión de máxima seguridad en Texas son asesinados, se pide al equipo que lo investigue. Ellos sospechan que este trabajo es obra de más de un sujeto en el juego, y que al menos uno de los asesinos aún se encuentra encerrado en la prisión, y el motivo no es más que dejar al descubierto al corrupto y abusivo capitán Dale shavers (William Ragsdale).",Mentes criminales: Lockdown,2015,7.7,2153,0,0,0,0,1,0,0,0,0
227,10,227,17,Hanelle Culpepper,Erik Stiller,"Cuando la muerte de varias mujeres está relacionada con un libro llamado Bare Reflections, el equipo tendrá que adentrarse en sus páginas y en las vidas de las víctimas para descubrir quién es el asesino. Mientras tanto el equipo recibe una gran noticia por parte de Kate, la misma que causará problemas entre ella y, su sobrina, Meg.",Mentes criminales: Breath Play,2015,7.1,2158,1,0,0,0,1,0,1,0,0
228,10,228,18,Félix Alcalá,Sharon Lee Watson,"El equipo trabaja contra reloj para encontrar a Sophie Troy, la esposa de un no tan querido congresista. Ellos considerarán a todos los enemigos del político como posibles secuestradores, o asesinos, sin darse cuenta de que podrían estar entrando al territorio de la mafia rusa, para lo que necesitarán la ayuda de una agente encubierto, en quién Reid podría estar interesado.",Mentes criminales: Rock Creek Park,2015,7.5,2401,0,0,0,0,1,0,0,0,0
229,10,229,19,Glenn Kershaw,Erica Messer,"Cuando una familia es secuestrada durante sus vacaciones en Barbados y el caso está conectado con una investigación en Florida del año anterior, La UAC trabaja con Jack Garrett y su Equipo de Respuesta Internacional a encontrar quien se encuentra detrás de estos crímenes.

Nota: Este es el episodio piloto de Mentes criminales: sin fronteras.",Mentes criminales: Beyond Borders,2015,7,2428,0,0,0,0,0,0,0,0,1
230,10,230,20,Laura Belsey,Bruce Zimmerman,"Cuando una familia de Maryland es encontrada asesinada en su propia mesa, el equipo interrogará a amigos y a otros miembros de la familia para descubrir los secretos y detalles de su pasado, esperando averiguar que fue lo que pasó, y encontrar al responsable. Mientras tanto, Hotch debe hacer las paces con su suegro, Roy (Ed Asner), después de descubrir que ha sido diagnosticado con Alzheimer; lo que le trae dolorosos recuerdos del pasado.",Mentes criminales: A Place at the Table,2015,7.4,2382,0,0,0,0,1,0,0,0,1
231,10,231,21,Matthew Gray Gubler,Breen Frazier,"Cuando tres personas, sospechosas en tres asesinatos distintos, hablan de una «sombra con garras» que los atacó y que, de alguna forma, es la responsable por estos crímenes, la UAC comienza a creer que está en busca de un ignoto que puede controlar la mente de sus víctimas. El caso se vuelve mucho más complicado cuando este creador de asesinos pone la vida de los miembros del equipo en riesgo.",Mentes criminales: Mr. Scratch,2015,8.7,3240,0,0,0,0,1,0,1,0,0
232,10,232,22,Tawnia McKiernan,Virgil Williams,"La UAC es llamada a Los Ángeles para investigar una serie de homicidios donde a las víctimas les disparan hasta morir. Cuando ellos descubren que las escenas del crimen podrían ser tomadas como «posible delincuencia», el equipo se da cuenta de que podrían estar a la búsqueda de un vigilante al acecho.",Mentes criminales: Protection,2015,7.2,2139,0,0,0,0,0,0,1,0,0
233,10,233,23,Glenn Kershaw,Jim Clemente & Janine Sherman Barrois,"La desesperación se encuentra dentro del equipo cuando la sobrina de Kate, Meg, y su mejor amiga, Markayla, son secuestradas por lo que podría ser el mayor tráfico de personas en internet que se haya visto, o como ellas lo conocen, «Bobby». Finalmente, JJ le cuenta a Reid que está embarazada y que podría ser niña; mientras que Kate debe tomar una dura decisión después de todo lo ocurrido con Meg.",Mentes criminales: The Hunt,2015,7.9,2041,0,0,0,1,0,0,0,0,0
